Unnamed: 0,No.,Nama Barang,Merk,Tipe,Serial Number,Tahun,Jumlah,Cara Perolehan,Nilai Perolehan,Ruangan,Lokasi Saat Ini,Kondisi Alat,ASPAK,KIB,NON KIB dan ASPAK,KETERANGAN
,1.0,Instrumen Sterilizer,Steris,,,2010,1,HIBAH APBN 2022,1672500000.0,CSSD,,RUSAK BERAT,,TERDATA,False,
,2.0,Autoclave,,,,2026,,,,CSSD,,BAIK,,,False,
,2.0,Bed Patient,Paramount,PA12-0807F,3KOL 502100AO,2007,1,,,Fisioterapi,,,,,False,
,3.0,Elektrikal Simulator,Chattanoga,Intelect Advanced,1314,2007,1,,,Fisioterapi,,RUSAK BERAT,,,False,
,4.0,Infra red Terapy,Beurer,IL21,213323,2007,1,,,Fisioterapi,,BAIK,,,False,
,5.0,Infra red Therapy,Beurer,IL21,213221,2007,1,,,Fisioterapi,,BAIK,,,False,
,6.0,Infra Red Therapy,Beurer,IL21,213222,2007,1,,,Fisioterapi,,BAIK,,,False,
,7.0,Infrared Standing 3 Lampu,Heuser,TGS 3.1 Onhe Dimmer,233.73.0907.432,2007,1,,,Fisioterapi,,RUSAK BERAT,,,False,
,8.0,Laser Therapy,Chattanoga,Intelec Model 2779,173,2007,1,,,Fisioterapi,,RUSAK RINGAN,,,False,
,9.0,Micro Wave Diathermy,Fysiomed,Microwave 25P Tpe BF,10291,2012,1,,,Fisioterapi,,BAIK,,,False,
,10.0,Paralel Bar,,,,,1,,,Fisioterapi,,RUSAK BERAT,,,False,
,11.0,Respionic,Philips Respironic,REF CA-3200,16202,,,,,Fisioterapi,,BAIK,,,False,
,12.0,Statis Bycle,,,,,1,,,Fisioterapi,,RUSAK BERAT,,,False,
,13.0,Tens Unit,EME,Therapic 9400,EM 08070918,2018,1,,,Fisioterapi,,BAIK,,,False,
,14.0,TENS UNIT,CHATTANOGA,Intelect,T2740,2012,1,,,Fisioterapi,,RUSAK BERAT,,,False,
,15.0,Traksi Unit,,,,2007,,,,Fisioterapi,,RUSAK BERAT,,,False,
,16.0,Troly Tindakan,Mak Instrument Trolley,35101,0755-11-06,,2,,,Fisioterapi,,BAIK,,,False,
,17.0,Ultra Sound Therapy,EME,,EM07340718,2018,1,,,Fisioterapi,,BAIK,,,False,
,18.0,Ultra Sound Unit,Chattanoga,Intelect,,2007,1,,,Fisioterapi,,RUSAK BERAT,,,False,
,19.0,Hemodialisa,,,,,11,,,Hemodialisa,,,,TIDAK TERDATA,True,KSO
,20.0,Timbangan,,,,,1,,,Hemodialisa,,BAIK,,,False,
,21.0,Timbangan,,,,,1,,,Hemodialisa,,BAIK,,,False,
,22.0,Alat pengukur gula darah,Gluco Dr.,AGM-4000,2021.01EC21AA04563,2021,1,,,ICU,,BAIK,,,False,
,23.0,Alat pengukur gula darah,Gluco Dr.,AGM-4001,2021.01EC21AA02289,2021,1,,,ICU,,BAIK,,,False,
,24.0,Bed Elektrik,Paramount,-,-,2008,4,,,ICU,,BAIK,,,False,
,25.0,Defibrilation,Bexen,,20026170,2016,1,,,ICU,,BAIK,,,False,
,26.0,EKG,Innomed Heartscreen,-,20239288,2023,1,DAK 2023,56000000.0,ICU,,RUSAK BERAT,,,False,
,27.0,EKG,Innomed Heartscreen,,22239242,2023,1,,,ICU,,BAIK,,,False,
,28.0,Examination Lamp,Famed,,,,1,,,ICU,,BAIK,,,False,
,29.0,Film View,KArixa,-,-,,1,,,ICU,,BAIK,,,False,
,30.0,Gelas ukur urin,,,,,1,,,ICU,,BAIK,,,False,
,31.0,HFNC (High Flow Nasal Canul),Aervo2,-,-,2020,2,HIBAH 2020,121090000.0,ICU,,BAIK,,TERDATA,False,
,32.0,Infus Pump,Mindray,-,SK 10308902,2021,1,APBD 2021,18250000.0,ICU,,BAIK,,TERDATA,False,
,33.0,Infus Pump,Mindray,,SK 10308929,2021,1,APBD 2021,18250000.0,ICU,,BAIK,,TERDATA,False,
,34.0,Infus Pump,Mindray,-,SK 10308913,2021,1,APBD 2021,18250000.0,ICU,,RUSAK BERAT,,TERDATA,False,
,35.0,Infus Pump,B-Braun,,8713070,,1,,,ICU,,RUSAK BERAT,,,False,
,36.0,Laringoskop set adult,Karl storz,,,,1,,,ICU,,BAIK,,,False,
,37.0,Laringoskop set adult,Hofbauer,,,,1,,,ICU,,BAIK,,,False,
,38.0,Monitor Lengkap,Philips,-,DE 67IR3743,2020,1,,,ICU,,BAIK,,,False,
,39.0,Monitor Lengkap,Philips,,DE 67IR3819,2020,1,,,ICU,,BAIK,,,False,
,40.0,Monitor Lengkap,Dixion,-,D5/09/2205/5193,2022,1,,,ICU,,BAIK,,,False,
,41.0,Monitor Lengkap,Dixion,,05/092211/5318,2022,1,,,ICU,,BAIK,,,False,
,42.0,O2 portable,Krober O2,,,,1,,,ICU,,BAIK,,,False,
,43.0,Oxymetri Portable,Oxy9wave,,,,2,,,ICU,,BAIK,,,False,
,44.0,Regulator O2,Mak,-,-,,3,,,ICU,,BAIK,,,False,
,45.0,Regulator oksigen central / Resmed,- RMS,-,-,,,,,ICU,,BAIK,,,False,
,46.0,Regulator oksigen ventilator,- RMS,,,,,,,ICU,,BAIK,,,False,
,47.0,Stetoskop Anak,,,,2017,1,,,ICU,,BAIK,,,False,
,48.0,Stetoskop dewasa,GEA,-,-,2017,1,,,ICU,,BAIK,,,False,
,49.0,Stetoskop dewasa,-,-,-,2017,2,,,ICU,,BAIK,,,False,
,50.0,Suction pump,Industries Med LTD,AC 500,9056236,,1,,,ICU,,,,,False,
,51.0,Suction pump,Electric Suction Apparatus,SN703A-D,SANMO94-23-010,2023,1,DAK 2023,34894500.0,ICU,,BAIK,,TERDATA,False,
,52.0,Suction pump,Electric Suction Apparatus,SN703A-D,SANMO94-23-017,2023,1,DAK 2023,34894500.0,ICU,,BAIK,,TERDATA,False,
,53.0,Syringe pump,Mindray,-,SK 10307825,,1,,,ICU,,,,,False,
,54.0,Syringe pump,Mindray,-,SK10307823,,1,,,ICU,,BAIK,,,False,
,55.0,Syringe pump,Frenesius Kabi,,018094/23196959,,1,,,ICU,,BAIK,,,False,
,56.0,Syringe pump,Frenesius Kabi,,018094/23227676,,1,,,ICU,,BAIK,,,False,
,57.0,Syringe pump,Frenesius Kabi,-,018094/23227675,,1,,,ICU,,BAIK,,,False,
,58.0,Syringe pump,Rchestra,,082594/21452196,,1,,,ICU,,BAIK,,,False,
,59.0,Tensimeter Dewasa,Regal,ABN,,2020,1,,,ICU,,BAIK,,,False,
,60.0,Termometer Digital,HuBDIC,FS-300,-,,1,,,ICU,,BAIK,,,False,
,61.0,Termometer Digital,Omron,MC-246,-,,1,,,ICU,,BAIK,,,False,
,62.0,THT set,,,,,1,,,ICU,,BAIK,,,False,
,63.0,Timbangan pempers,,,,,1,,,ICU,,BAIK,,,False,
,64.0,USG,Mindray,-,MR-2B004895,,1,,,ICU,,BAIK,,,False,
,65.0,UV Room sterilizer,Medivent,-,-,,1,,,ICU,,BAIK,,,False,
,66.0,Ventilator,Bellavista,-,MB230883,2020,1,,,ICU,,BAIK,,,False,
,67.0,Ventilator,Bellavista,,MB231220,2020,1,,,ICU,,BAIK,,,False,
,68.0,Ventilator,MonalT75,-,MT75-07648,2018,1,,,ICU,,BAIK,,,False,
,69.0,Ventilator,Hamilton C2,,160150,,1,,,ICU,,BAIK,,,False,
,70.0,Ventilator,Siaretron 4000,,,2024,,HIBAH,,ICU,,BAIK,,TIDAK TERDATA,True,MUTASI DINKES BELUM ADA BERITA ACARA SERAH TERIMA
,71.0,Ventilator mobile,RESMED,-,-,2020,2,,,ICU,,BAIK,,,False,
,72.0,Ambu Bag,Ambu,-,-,-,3,,,IGD,,BAIK,,,False,
,73.0,Ambu Bag,Greatcare,,,,6,,,IGD,,BAIK,,,False,
,74.0,Bed dengan Bedrails,Paramount,-,-,-,4,,,IGD,,BAIK,,,False,
,75.0,Bed Ginekologi Electric,Nutritex,NT 037-B,,2023,1,DAK 2023,96100000.0,IGD,,BAIK,,TERDATA,False,
,76.0,Bed Jiwa/ Bedah,-,-,-,-,,,,IGD,,BAIK,,,False,
,77.0,Bed Jiwa/ Bedah,-,-,-,-,,,,IGD,,BAIK,,,False,
,78.0,Bed Side Monitor,Innomed,- Inno Care T11,-,-,5,,,IGD,,BAIK,,,False,
,79.0,Bed Side Monitor,Innomed,- Inno Care T12,-,-,5,,,IGD,,BAIK,,,False,Hibah
,80.0,Bed Side Monitor,Dixion,STORM 5900-05,,2023,2,DAK 2023,105896000.0,IGD,,BAIK,,TERDATA,False,
,,Bedside Cabinet,Paramount/ Tanpa merk,-,-,-,2,,,IGD,,BAIK,,,False,
,,Brankar Ranjang Darurat,-,-,-,-,2,,,IGD,,BAIK,,,False,
,,Defibrilator,Innomed,Cardiac Aid 200 B,-,2022,1,,,IGD,,RUSAK BERAT,,,False,
,,Defibrilator,,Cardiac Aid 360 B,,2021,2,,,IGD,,RUSAK BERAT,,,False,
,,Doppler,IMN Terravizion,Fetal Doppler,-,2023,1,BLUD 2023,10675675.0,IGD,,BAIK,,TERDATA,False,
,,Doppler,,,,2025,1,,,IGD,,BAIK,,,False,
,,Electric suction,SANI,SN 703A-D /,-,2023,2,DAK 2023,34894500.0,IGD,,BAIK,,TERDATA,False,
,,Electric suction,Tidak ada merk,AC-500,,,1,,,IGD,,,,,False,
,,HEPA Filter Isolasi IGD,-,-,,-,1,,,IGD,,BAIK,,,False,
,,High Flow Nasal Canula,Poly Medical,Aircov-19,21-0701,2024,1,HIBAH,,IGD,,BAIK,,TIDAK TERDATA,True,MUTASI DINKES BELUM ADA BERITA ACARA SERAH TERIMA
,,Infant Radiant Warmer,SANI,COMP.T10-AS,810040007,2023,1,,,IGD,,BAIK,,,False,
,,Infus Pump,B-Braun,Perfusor Space,-,2013,1,,,IGD,,RUSAK BERAT,,,False,
,,Intubasi Set,,,,,,,,IGD,,BAIK,,,False,
,,Intybasi Set Dewasa,,,,,,,,IGD,,BAIK,,,False,
,,Lampu Tindakan,Famed,-,-,2023,-,DAK 2023,58500000.0,IGD,,BAIK,,TERDATA,False,
,,Mesin EKG 12 Lead,- Mindray,- Beneheart R 12A,-,2021,2,,,IGD,,BAIK,,,False,
,,Mesin EKG 12 Lead,- Mindray,- Beneheart R 12A,-,2021,2,,,IGD,1 Berada di Poli,BAIK,,,False,
,,Mesin EKG 12 Lead,- Innomed,- HeartScreen,-,2023,1,DAK 2023,56000000.0,IGD,,BAIK,,TERDATA,False,
,,Nebulizer,Omron,-,-,-,1,,,IGD,,RUSAK BERAT,,,False,
,,Oksigen konsentrat,Krober,-,-,2021,3,,,IGD,,BAIK,,,False,
,,Pispot stainles/ plastik,-,-,-,-,1,,,IGD,,RUSAK RINGAN,,,False,
,,Pulse oximeter,- Bionet,Oxy 9 Wave,-,2023,3,,,IGD,1 di Perinatology,BAIK,,,False,
,,Pulse oximeter,- Mindray,PM-60,CR 19250581,2021,2,,,IGD,,RUSAK BERAT,,,False,
,,Regulator Oksigen,,-,-,2018/2021,2,,,IGD,,BAIK,,,False,
,,Regulator Oksigen,,-,-,2018/2022,3,,,IGD,,RUSAK BERAT,,,False,
,,Regulator Oksigen Central,RMS,-,-,-,3,,,IGD,,RUSAK BERAT,,,False,
,,Regulator Oksigen Central,RMS,-,-,-,6,,,IGD,,BAIK,,,False,
,,Set ETT Anak,-,-,-,-,1,,,IGD,,RUSAK BERAT,,,False,
,,Set ETT Dewasa,-,-,-,-,1,,,IGD,,RUSAK BERAT,,,False,
,,Stetoskop dewasa,GEA/ Erka/ Fazinni / tidak ada merk,-,-,-,2,,,IGD,,BAIK,,,False,
,,Stetoskop dewasa,GEA/ Erka/ Fazinni / tidak ada merk,-,-,-,4,,,IGD,,RUSAK BERAT,,,False,
,,Stetoskop dewasa,Cronea Care,,,2024,1,BLUD 2024,832000.0,IGD,,BAIK,,TERDATA,False,
,,Syringe Pump,B-Braun,Infusomat Space P,227124,2013,1,,,IGD,,RUSAK BERAT,,,False,
,,Tensi Meter Dewasa,ABN,Regal,-,2019,4,,,IGD,,BAIK,,,False,
,,Tensi Meter Dewasa,ABN,Regal,-,2019,4,,,IGD,,BAIK,,,False,
,,Tensimeter automatic dEWASA,Yuwel,YE680E,-,2023,2,BLUD 2023,2150000.0,IGD,,RUSAK BERAT,,TERDATA,False,
,,Termometer Digital,Tidak ada merk,-,-,-,-,Beli Sendiri,,IGD,,BAIK,,,False,
,,Tiang infus,-,-,-,-,4,,,IGD,,BAIK,,,False,
,,Tiang infus,-,-,-,-,1,,,IGD,,RUSAK BERAT,,,False,
,,Timbangan Bayi Digital,GEA,ER 7220,202101069,-,1,,,IGD,,BAIK,,,False,
,,Timbangan Dewasa Digital,SECA,-,-,-,1,,,IGD,,RUSAK BERAT,,,False,
,,Timbangan Dewasa Manual,SANI,-,,2023,1,,,IGD,,BAIK,,,False,
,,Trolly emergency,- Mak,-,-,-,1,,,IGD,,BAIK,,,False,
,,Trolly emergency,- Nutritex,,,2019,1,,,IGD,,,,,False,
,,Trolly Tindakan,-,-,-,-,3,,,IGD,,BAIK,,,False,
,,Urinal plastik,-,-,-,-,1,,,IGD,,RUSAK BERAT,,,False,
,,USG 2 Dimensi,-,-,-,-,1,,,IGD,,BAIK,,,False,
,,Ventilator Mobile,Imtmedical,-,-,2022,-,,,IGD,,BAIK,,,False,
,,HRV,,,,,1,,,G. Penunjang,,BAIK,,,False,
,,ECT,,,,,1,,,G. Penunjang,,BAIK,,,False,
,,TMS,,,,2025,1,,,G. Penunjang,,BAIK,,,False,
,,EEG,,,,2025,1,,,G. Penunjang,,BAIK,,,False,
,,Neurofeed back,,,,2025,1,,,G. Penunjang,,BAIK,,,False,
,,PSG,,,,2025,1,,,G. Penunjang,,BAIK,,,False,
,,Ambu Bag,Ambu,Moretty,-,,1,,,Irna Anak,,BAIK,,,False,
,,Ambu Bag,Greatcare,,-,,3,,,Irna Anak,,BAIK,,,False,
,,Bed Anak,,YE680E,,,15,,,Irna Anak,,BAIK,,,False,
,,Bed Dewasa,Paramount,Oxy 9 Wave,-,,5,,,Irna Anak,,BAIK,,,False,
,,Bedside Cabinet,Paramount,11.82.00.07.03.1022.0809,-,,14,,,Irna Anak,,BAIK,,,False,
,,Electric suction,SANI ASPIMED,SN703A-D,113200070320130000,2023,2,APBD 2023,34894500.0,Irna Anak,,BAIK,,TERDATA,False,
,,Infus Pump,B Braun,Innocare-T12,-24043200355235,2013,2,,,Irna Anak,,BAIK,,,False,
,,Infus Pump,Frensius Kobi,BeneHeart-12A,,2013,2,,,Irna Anak,,RUSAK RINGAN,,,False,
,,Monitor lengkap,Dixion,Stroom 5900-05,02.08.0101.05.009,2023,2,DAK 2023,105896000.0,Irna Anak,,BAIK,,TERDATA,False,
,,Nebulizer,OMRON,SN703A-D,23495783,2018,1,,,Irna Anak,,RUSAK RINGAN,,,False,
,,Nebulizer,OMRON,SN703A-D,20121100022AF,2013,1,,,Irna Anak,,BAIK,,,False,
,,Oksigen Konsentrat,YUWELL,,,2020,1,,,Irna Anak,,BAIK,,,False,
,,Pulse oximeter,Bionet,Oxy 9 Wave,11.32.00.07.03.2023.05.30,2023,2,APBD 2023,8258823.0,Irna Anak,,BAIK,,TERDATA,False,
,,Regulator O2,-,,-,,4,,,Irna Anak,,BAIK,,,False,
,,Regulator oksigen central,RMS,Optima PT,-,,18,,,Irna Anak,,BAIK,,,False,
,,Sekerem,-,NE U 17,-,,2,,,Irna Anak,,BAIK,,,False,
,,Syringe Pump,B Braun,Innocare-T12,,2013,1,,,Irna Anak,,BAIK,,,False,
,,Tensimeter automatic,YUWELL,Stroom 5900-05,11.32.0007.03.1022.08.09,2023,2,BLUD 2023,2150000.0,Irna Anak,,RUSAK RINGAN,,TERDATA,False,
,,Tiang infus,,Electric Suction Apparatus SN 703A-D,-,,12,,,Irna Anak,,BAIK,,,False,
,,Timbangan Berat Badan Dewasa,TESENA,Ne – C 900,-,2018,1,,,Irna Anak,,BAIK,,,False,
,,Trolly emergency,Mak,Phlegm Suction 7E-A,,2013,1,,,Irna Anak,,BAIK,,,False,
,,Alat pengukur gula darah,Gluco Dr.,AGM-4000,❖ SANM094-23-014,2020,1,,,Irna Bedah,Laboratorium,BAIK,,,False,
,,Ambu Bag,Ambu,-,-,,1,,,Irna Bedah,,BAIK,,,False,
,,Ambu Bag,Greatcar,-,-,,4,,,Irna Bedah,,BAIK,,,False,
,,Baskom Stainles,-,,,2018,1,,,Irna Bedah,,RUSAK BERAT,,,False,
,,Bed dengan Bedrails,Paramount,,,,13,,,Irna Bedah,,BAIK,,,False,
,,Bed dengan Bedrails,Paramount,,,,1,,,Irna Bedah,,RUSAK RINGAN,,,False,
,,Bed Tanpa bedrails,Paramount,,,,5,,,Irna Bedah,,BAIK,,,False,
,,Bedside Cabinet,Paramount/ Tanpa merk,,,2019,,,,Irna Bedah,,BAIK,,,False,
,,Defibrilator,Cmos drake,Life400plus futura,,2018,1,,,Irna Bedah,,BAIK,,,False,
,,Electric suction,SANI,Electric Suction Apparatus SN 703A-,918038848,2023,2,DAK 2023,34894500.0,Irna Bedah,,BAIK,,,False,
,,Emergency kit,-,,,,,,,Irna Bedah,,BAIK,,,False,
,,Gunting perband,-,,,,,,,Irna Bedah,,BAIK,,,False,
,,Infrared Forehead,Onehealth,YHW-S,2016.07.EA16GC00113,,1,,,Irna Bedah,,BAIK,,,False,
,,Infus Pump,Precionmed,Accu Drip 10,❖ SANM094-23-002,2023,1,APBD 2023,28444448.0,Irna Bedah,,BAIK,,TERDATA,False,
,,Kasur Matras,-,,,,19,,,Irna Bedah,,BAIK,,,False,
,,Meja mayo/ Meja tindakan,Top,-,-,,2,,,Irna Bedah,,BAIK,,,False,
,,Mesin EKG 12 Lead,Heartscreen,Heart Screen 112C - 1,22239244,2023,1,DAK 2023,56000000.0,Irna Bedah,,BAIK,,,False,
,,"Minor Set GV terdiri dari (Gunting jaringan, pinset anatomi, pinset",-,,"Medicom, Hebu, Inox, BJB Unicef, Lawton",2018,,,,Irna Bedah,,BAIK,,,False,
,,Monitor lengkap,Dixion,1 Storm 5900-05,❖ 05/09/2205/5200,2023,2,,,Irna Bedah,,BAIK,,,False,
,,Mortir/Lumpang Obat,-,,,2022,1,,,Irna Bedah,,BAIK,,,False,
,,Neirbekken / Bengkok,-,,,,,,,Irna Bedah,,BAIK,,,False,
,,Pispot stainles,-,,,,,,,Irna Bedah,,BAIK,,,False,
,,Pulse oximeter,Bionet,Oxy 9 Wave,❖ 05/09/2205/5186,2023,2,,,Irna Bedah,,BAIK,,,False,
,,Regulator oksigen central,RMS,,,,18,,,Irna Bedah,,BAIK,,,False,
,,Sekerem,,,,,2,,,Irna Bedah,,BAIK,,,False,
,,Stetoskop dewasa,GEA,-,AD 000 123 0061,2017,2,,,Irna Bedah,,BAIK,,,False,
,,Tensimeter automatic dewasa,Confort fora,P60,11.32.00.07.03.2023.05.3,2025,1,,,Irna Bedah,,BAIK,,,False,
,,Termometer Digital,HuBDIC,FS-300,-,,1,,,Irna Bedah,,RUSAK BERAT,,,False,
,,Termometer Manual,Hexacare,-,-,,1,,,Irna Bedah,,BAIK,,,False,
,,Tiang infus roda,Mak,,,,11,,,Irna Bedah,,BAIK,,,False,
,,Tiang infus roda,Mak,,,,4,,,Irna Bedah,,RUSAK RINGAN,,,False,
,,Tiang infus tanpa roda,Mak,,,,4,,,Irna Bedah,,BAIK,,,False,
,,Timbangan Berat Badan,Laica,,,,1,,,Irna Bedah,,BAIK,,,False,
,,Torniquet,-,,,2019,2,,,Irna Bedah,,BAIK,,,False,
,,Trolly emergency,Mak,,C413.0630,,1,,,Irna Bedah,,RUSAK BERAT,,,False,
,,Trolly Tindakan ( GV),Mak,-,-,,1,,,Irna Bedah,,BAIK,,,False,
,,Tromol kecil,Health,,,,1,,,Irna Bedah,,BAIK,,,False,
,,Tromol sedang,Cremona,,,2019,,,,Irna Bedah,,BAIK,,,False,
,,Urinal stainles / plastik,,,,,,,,Irna Bedah,,RUSAK RINGAN,,,False,
,,Alat GDS,"Gluco Dr.Auto""A",ACM-4000,GC21AA02027,,1,,,Irna Penyakit Dalam,,BAIK,,,False,
,,Ambu Bag,Ambu,,,,1,,,Irna Penyakit Dalam,,BAIK,,,False,
,,Ambu Bag,Ambu,,,,1,,,Irna Penyakit Dalam,,BAIK,,,False,
,,Ambu Bag - Adult,GreatCare,,GCR/03/01,2023,1,,,Irna Penyakit Dalam,,RUSAK BERAT,,,False,
,,Ambu Bag - Infant,GreatCare,,GCR/03/05,2023,1,,,Irna Penyakit Dalam,,BAIK,,,False,
,,Ambu Bag - Paediatrk,GreatCare,,GCR/03/03,2023,1,,,Irna Penyakit Dalam, ,BAIK,,,False,
,,Defibrilator/DC Shock,Inomed,Kardio AID 200B,16206447,2017,1,,,Irna Penyakit Dalam,,BAIK,,,False,
,,EKG,Mindray,BeneHeart-12A,FX 17003815,2021,1,,,Irna Penyakit Dalam,,BAIK,,,False,
,,Film Vewer,,,,,1,,,Irna Penyakit Dalam,,BAIK,,,False,
,,Infuse Pump,Precisionemed IMN,Accu Drip 10,AD 001230070,2023,1,,,Irna Penyakit Dalam,,BAIK,,,False,
,,Infuse Pump,Precisionemed IMN,Accu Drip 10,AD 001230062,2023,1,,,Irna Penyakit Dalam,,BAIK,,,False,
,,Infuse Pump,Presenius Kabi,Optima PT IS,027390/23495781,2018,1,,,Irna Penyakit Dalam,,RUSAK BERAT,,,False,
,,Infuse Pump,Presenius Kabi,Optima PT IS,027390/23495699,2018,1,,,Irna Penyakit Dalam,,RUSAK BERAT,,,False,
,,Infuse Pump,Mindray,Benefusion VP5 X,SK 10308913,2021,1,,,Irna Penyakit Dalam,,BAIK,,,False,
,,Infuse Pump,,,19328898,,1,,,Irna Penyakit Dalam,,RUSAK BERAT,,,False,
,,Infuse Pump,,,19328897,,1,,,Irna Penyakit Dalam,,RUSAK RINGAN,,,False,
,,Infuse Pump,Mindray,Benefusion VP5X,,,1,,,Irna Penyakit Dalam,,BAIK,,,False,
,,Infusion Stand,,,,,19,,,Irna Penyakit Dalam,,BAIK,,,False,
,,Monitor Pasien,Dixion,Stroom 5900-05,50922055173,2023,1,,,Irna Penyakit Dalam,,RUSAK RINGAN,,,False,
,,Monitor Pasien,Dixion,Stroom 5900-05,50922055188,2023,1,,,Irna Penyakit Dalam,,BAIK,,,False,
,,Monitor Pasien,Dixion,Stroom 5900-05,50922055197,2023,1,,,Irna Penyakit Dalam,,RUSAK RINGAN,,,False,
,,Monitor Pasien,Philips,,DG 671R3911,2020,1,,,Irna Penyakit Dalam,,RUSAK RINGAN,,,False,
,,Monitor Pasien,Inomed,Innocare-T12,Q068A050007,2021,1,,,Irna Penyakit Dalam,,RUSAK RINGAN,,,False,
,,Monitor Pasien,Inomed,Innocare-T12,Q068A050009,2021,1,,,Irna Penyakit Dalam,,BAIK,,,False,
,,Nebulizer,Philips,Inospire Elegance,Ref 1095067,2015,1,,,Irna Penyakit Dalam,,BAIK,,,False,
,,Nebulizer,Omron,NE-C900,20180201067,2018,1,,,Irna Penyakit Dalam,,BAIK,,,False,
,,Nebulizer,Omron,NE-417-C3,20121100053 AF,2013,1,,,Irna Penyakit Dalam,,BAIK,,,False,
,,Oxigen Concentrator,Yuwell,9F5AW,200501092,2020,1,,,Irna Penyakit Dalam,,BAIK,,,False,
,,Oxigen Concentrator,Krober,Krober 02,1013055928,2013,1,,,Irna Penyakit Dalam,,BAIK,,,False,
,,Oxigen Concentrator,Krober,Krober 02,1021051798,2013,1,,,Irna Penyakit Dalam,,BAIK,,,False,
,,Oxygen Portable,,,,,1,,,Irna Penyakit Dalam,,BAIK,,,False,
,,Paramount Bedside Cabinet,,,,,19,,,Irna Penyakit Dalam,,BAIK,,,False,
,,Pulse Oximeter,ChoiceMed,MD300C29,201708 749887,2020,1,,,Irna Penyakit Dalam,,BAIK,,,False,
,,Pulse Oximeter,Mindray,UPM006-10CD,Z1160001382,2021,1,,,Irna Penyakit Dalam,,BAIK,,,False,
,,Pulse Oximeter,Beurer P60,,89077 ulm,2025,1,,,Irna Penyakit Dalam,,BAIK,,,False,
,,Regulator Oxygen,,,,,16,,,Irna Penyakit Dalam,,BAIK,,,False,
,,Set GV Lengkap,,,,2025,1,,,Irna Penyakit Dalam,,BAIK,,TIDAK TERDATA,False,Hibah Dian Juni Eka 
,,Stethoscope,GEA,,,,1,,,Irna Penyakit Dalam,,BAIK,,TIDAK TERDATA,False,Hibah Dian Juni Eka 
,,Stethoscope,,,,,1,,,Irna Penyakit Dalam,,RUSAK BERAT,,TIDAK TERDATA,False,"Hibah dr. Dhinar,Sp.PD"
,,Suction,Sani,SN703A-D,SANM 094-23-008,2023,1,,,Irna Penyakit Dalam,,BAIK,,,False,
,,Suction,Sani,SN703A-D,SANM 094-23-007,2023,1,,,Irna Penyakit Dalam,,BAIK,,,False,
,,Suction Portable,General Care,Phlegm Suction 7E-A,20130722482,,1,,,Irna Penyakit Dalam,,BAIK,,,False,
,,Suction Pump,Aspimed 3.3,Moretty,1621,2013,1,,,Irna Penyakit Dalam,,BAIK,,,False,
,,Syringe Pump,Precisionemed,Accu Drip 20,AD 0002230075,2023,1,,,Irna Penyakit Dalam,,BAIK,,,False,
,,Syringe Pump,Precisionemed,Accu Drip 20,AD 0002230070,2023,1,,,Irna Penyakit Dalam,,BAIK,,,False,
,,Syringe Pump,Fresenius Kabi,Injectomat Agilia,018094/23196637,,1,,,Irna Penyakit Dalam,,BAIK,,,False,
,,Syringe Pump,Fresenius Kabi,Injectomat Agilia,018094/23196632,,1,,,Irna Penyakit Dalam,,BAIK,,,False,
,,Syringe Pump,Fresenius Kabi,Injectomat Agilia,018094/23196958,,1,,,Irna Penyakit Dalam,,BAIK,,,False,
,,Syringe Pump,Fresenius Kabi,Injectomat Agilia,018094/23196639,,1,,,Irna Penyakit Dalam,,BAIK,,,False,
,,Tempat tidur Pasien,,,,,16,,,Irna Penyakit Dalam,,BAIK,,,False,
,,Tensi Meter,Regal,Clock Aneroid,20005180,2020,1,,,Irna Penyakit Dalam,,BAIK,,,False,
,,Tensi Meter,,DM-500,151006059,2018,1,,,Irna Penyakit Dalam,,RUSAK BERAT,,,False,
,,Tensi Meter,,DM-500,151006152,2018,1,,,Irna Penyakit Dalam,,RUSAK BERAT,,,False,
,,Tensi Meter Digital,Jziki,,2020 10052740,2025,1,,,Irna Penyakit Dalam,,BAIK,,TIDAK TERDATA,False,Hibah Dian Juni Eka
,,Tensi Meter Digital,Fora P60,,0471989-3235142,2025,1,,,Irna Penyakit Dalam,,BAIK,,,False,
,,Thermometer,HuBDic,FS-300,Y432406,2018,1,,,Irna Penyakit Dalam,,RUSAK BERAT,,,False,
,,Thermometer,OneHealt,Infrared Forehead,XC22103106940,2023,1,,,Irna Penyakit Dalam,,BAIK,,,False,
,,Timbangan,Seca,,7621019008,2017,1,,,Irna Penyakit Dalam,,BAIK,,,False,
,,Trolly Emergency,Mak,36603,,2011,1,,,Irna Penyakit Dalam,,BAIK,,,False,
,,Trolly Tindakan,,,,,3,,,Irna Penyakit Dalam,,BAIK,,,False,
,,Ambu Bag,Ambu,-,-,,1,,,Irna Perinatology,,BAIK,,,False,
,,Ambu Bag,Greatcare,,,,3,,,Irna Perinatology,,,,,False,
,,Ambu Bag warna biru,,-,-,-,1,,,Irna Perinatology,,,,,False,
,,Ambu Bag warna hitam,,-,-,-,1,,,Irna Perinatology,,,,,False,
,,Bed dengan Bedrails,Paramount,-,-,,3,,,Irna Perinatology,,,,,False,
,,Bedside Cabinet,Paramount/ Tanpa merk,-,-,,,,,Irna Perinatology,,,,,False,
,,Box Bayi,Paramount,-,-,2007,5,,,Irna Perinatology,,,,,False,
,,Box Bayi,Tanpa merk,-,-,-,2,,,Irna Perinatology,,,,,False,
,,Box Bayi,GEA,-,-,-,5,,,Irna Perinatology,,,,,False,
,,CPAP,One Med,AD Series,SN 18037I045,2019,1,,,Irna Perinatology,,,,,False,
,,Fototherapi,Mediled,LED Phototherapy,SN 1861-12,2013,1,,,Irna Perinatology,,,,,False,
,,Fototherapi,Mediled,LED Phototherapy,SN 1856-12,2013,1,,,Irna Perinatology,,,,,False,
,,Fototherapi,Atom,Phototherapy,SN 1692-777,2006,1,,,Irna Perinatology,,,,,False,
,,Fototherapi,Mediled,LED Phototherapy,SN 468-09,2013,1,,,Irna Perinatology,,,,,False,
,,Fototherapi,Medixe,Phototherapy PH1A,SN 40401109140,2009,1,,,Irna Perinatology,,,,,False,
,,Fototherapi,Mediled,Phototherapy PH1A,SN 40401109074,2009,1,,,Irna Perinatology,,,,,False,
,,Gunting perband,-,-,-,,1,,,Irna Perinatology,,,,,False,
,,Incubator,Dixion,Baby Guard - 1107,SN 11/20/2304/4001,2023,1,,,Irna Perinatology,,,,,False,
,,Incubator,Dixion,Baby Guard - 1107,SN 11/20/2304/4002,2023,1,,,Irna Perinatology,,,,,False,
,,Incubator,Dixion,Baby Guard - 1107,SN 11/20/2304/4003,2023,1,,,Irna Perinatology,,,,,False,
,,Incubator,YP 100,YP 100,SN 05094271,2005,1,,,Irna Perinatology,,,,,False,
,,Incubator,YP 100,YP 100,SN 06045020,2006,1,,,Irna Perinatology,,,,,False,
,,Infant Warmer,SANI,SN 100/W,SN SANM021-22-133,2022,1,,,Irna Perinatology,,,,,False,
,,Infant Warmer,FAZZINI,BN-100A,SN 1190730039,2022,1,,,Irna Perinatology,,,,,False,
,,Infant Warmer,ATOM,C20-0304,SN 615652200024,2022,1,,,Irna Perinatology,,,,,False,
,,Infant Warmer,ATOM,C20-0304,SN 615652200025,2022,1,,,Irna Perinatology,,,,,False,
,,Infant Warmer,Medix,SM 401,SN 1151-05,2008,1,,,Irna Perinatology,,,,,False,
,,Infant Warmer,Medix,SM 401,SN 5089-13,2013,1,,,Irna Perinatology,,,,,False,
,,Infant Warmer,Medix,SM 401,SN 5001-13,2013,1,,,Irna Perinatology,,,,,False,
,,Infus Pump,B-Braun,8713070,SN 227241,2013,1,,,Irna Perinatology,,,,,False,
,,Infus Pump,B-Braun,8713070,SN 227252,2013,1,,,Irna Perinatology,,,,,False,
,,Infus Pump,Optima PTIS,Optima PTIS,SN 097390/23495695,2018,1,,,Irna Perinatology,,,,,False,
,,Kasur Matras,-,-,-,,3,,,Irna Perinatology,,,,,False,
,,Korentang,-,-,-,,1,,,Irna Perinatology,,,,,False,
,,Laringoscope set,-,-,-,-,1,,,Irna Perinatology,,,,,False,
,,Monitor Lengkap + EKG,Altus Omni II,-,SN OMNI 209103045,2009,1,,,Irna Perinatology,,,,,False,
,,Monitor Lengkap + EKG,,,,,,,,Irna Perinatology,,,,,False,
,,Neirbekken / Bengkok,-,-,-,,1,,,Irna Perinatology,,,,,False,
,,Neo Transport Incubator,Fanem,ITS 158 TS,SN 3070110074,2012,1,,,Irna Perinatology,,,,,False,
,,Neo Transport Incubator,Medix,TR 200,SN 2111-11,-,1,,,Irna Perinatology,,,,,False,
,,Neo Transport Incubator,Medix,TR 200,SN 2102-11,2017,1,,,Irna Perinatology,,,,,False,
,,Neopuff,Fisher and Paykel,RD900AEU,SN 090901002849,2009,1,,,Irna Perinatology,,,,,False,
,,Pulse Oximetri,One Med,Bionet,SN O2A4ENA0061,2023,1,,,Irna Perinatology,,,,,False,
,,Pulse Oximetri,One Med,Bionet,SN ENAA0038,2023,1,,,Irna Perinatology,,,,,False,
,,Pulse Oximetri + Charger,Advanced,PO-100B,SN 261999-M21902290001,2022,1,,,Irna Perinatology,,,,,False,
,,Regulator O2,-,-,-,,5,,,Irna Perinatology,,,,,False,
,,Regulator oksigen central,RMS,-,-,,5,,,Irna Perinatology,,,,,False,
,,Resusitasi Flow / Neopuff,Resusci Flow,Rail Mounting,SN 220100255,2022,1,,,Irna Perinatology,,,,,False,
,,Stetoscope,Erka,Infant,-,,2,,,Irna Perinatology,,,,,False,
,,Stetoscope,ABN,Infant,-,,1,,,Irna Perinatology,,,,,False,
,,Suction Mobile,Atmos,-,SN 007408006500065,2009,1,,,Irna Perinatology,,,,,False,
,,Suction Pump,Tecno Gaz,Tecno 40,SN B15641008,2008,1,,,Irna Perinatology,,,,,False,
,,Suction Pump,Gabler,FSE 500,SN 7980.05.07,2007,1,,,Irna Perinatology,,,,,False,
,,Suction Pump,Sani,SN703A-D,SN SANM094-23-006,2023,1,,,Irna Perinatology,,,,,False,
,,Syiringe Pump,Fresenius Kabi,Injectomat-Agilia is,SN 018090/20402518,2014,1,,,Irna Perinatology,,,,,False,
,,Termometer Digital,Microlife,Forhead,-,,2,,,Irna Perinatology,,,,,False,
,,Termometer Digital,Microlife,FS 300,-,,1,,,Irna Perinatology,,,,,False,
,,Termometer Manual/ air raksa,Safety,-,-,,1,,,Irna Perinatology,,,,,False,
,,Tiang infus roda,Mak,-,-,,5,,,Irna Perinatology,,,,,False,
,,Timbangan Bayi,Elitech,-,SN TD314BA0828,2018,1,,,Irna Perinatology,,,,,False,
,,Timbangan Bayi,Seca,-,SN 10000000306941,2019,1,,,Irna Perinatology,,,,,False,
,,Timbangan Bayi,Seca,-,SN 3541317009,2011,1,,,Irna Perinatology,,,,,False,
,,Umbilikal Set,-,-,-,,3,,,Irna Perinatology,,,,,False,
,,Centrifuge,Eppendorf,,SN 5702HI945670,-,2,,,Laboratorium,,,,,False,
,,Centrifuge,,,SN 5702HI145631,,,,,Laboratorium,,,,,False,
,,Elektrolit,MK-Cell,,BE060289,,,,,Laboratorium,,,,,False,
,,Hematologi,Swelab Alpa,-,SN-17099,,,,,Laboratorium,,,,,False,
,,Hematologi,Mindray,BC5130,SN TR-43009330,,,,,Laboratorium,,,,,False,
,,Hematologi,Sysmex,XN 330,SN 11855,,,,,Laboratorium,,,,,False,
,,Hemostatis,Solea 100,,SN 0180060D-0006,,,,,Laboratorium,,,,,False,
,,Imunologi,I-Chroma II,,IR2RF114013,,,,,Laboratorium,,,,,False,
,,Kimia Klinik,Mindray,BS230,SN YY-9001408,,,,,Laboratorium,,,,,False,
,,Kimia Klinik,Biosystem,BA 200,SN 832000268,,,,,Laboratorium,,,,,False,
,,Mikro Pipet,,,,,,,,Laboratorium,,,,,False,
,,Mikroskop,Olimpus,,SN N1700500H0280SE,,,,,Laboratorium,,,,,False,
,,POCT,Glukosa,,,,,,,Laboratorium,,,,,False,
,,POCT,I-STAT,,SN(21)420543,,,,,Laboratorium,,,,,False,
,,Rotator,,,,,,,,Laboratorium,,,,,False,
,,Water Bath,,,"SN 03,3217",,,,,Laboratorium,,,,,False,
,,Treadmill,,,,,1,BLUD 2024,414414414.0,MCU,,,,TERDATA,False,
,,Anasthesi Ventilasi,,,,,1,,,OK,,,,,False,
,,Anasthesi Ventilator,GE Datex Ohmeda,s/s,ANBN0134,2010,1,,,OK,,,,,False,
,,Anasthesi Ventilator,Penlon,Prima 400,460/017-0009,2013,1,,,OK,,,,,False,
,,Anasthesi Ventilator,Dexion,,,2023,1,,,OK,,,,,False,
,,Anasthesi Ventilator,AMS 200,,,,1,,,OK,,,,,False,
,,Barkery Warming Center,,,,2011,,,,OK,,,,,False,
,,DC-Shock,,,,,,,,OK,,,,,False,
,,Electrosurgery Unit,KLS Marin Maxium,Maxium,ME402mo6031030M,,2,,,OK,,,,,False,
,,Lampu Operasi,Ignis 160,,,2023,1,,,OK,,,,,False,
,,Lampu Operasi,Octis 70,,,,1,,,OK,,,,,False,
,,Lampu Operasi,KLS Martin,,,,1,,,OK,,,,,False,
,,Lampu Operasi,Surgiris,,,,1,,,OK,,,,,False,
,,Lampu Operasi Portable,,,,2018,1,,,OK,,,,,False,
,,Laringoscope,Glide Scope,,,2010,1,,,OK,,,,,False,
,,Meja Instrument,,,,,3,,,OK,,,,,False,
,,Meja Mayo,,,,,3,,,OK,,,,,False,
,,Meja Operasi,AFA,AT-900,12188954,2022,1,,,OK,,,,,False,
,,Meja Operasi,Saturn,,,2011,1,,,OK,,,,,False,
,,Meja Operasi,Famed Zywelc,,,,1,,,OK,,,,,False,
,,Meja Operasi,MA,52501,,,1,,,OK,,,,,False,
,,Mesin Cuci Tangan Steril,,,,2008,1,,,OK,,,,,False,
,,Monitor,Innocore T12,,,2022,2,,,OK,,,,,False,
,,Monitor,Innocore T12,,,2022,2,,,OK,,,,,False,
,,Operation Microscope,Shin-nippon,OP-2,Oct-15,,1,,,OK,,,,,False,
,,Standart Infus,,,,,4,,,OK,,,,,False,
,,Standart Infus,,,,,2,,,OK,,,,,False,
,,Strecher,,,,2008,1,,,OK,,,,,False,
,,Suction,AFA,AC-500,90/235,,2,,,OK,,,,,False,
,,Suction,,,,,1,,,OK,,,,,False,
,,Suction,,,,,1,,,OK,,,,,False,
,,Tensi Bediri,Regal,,,,1,,,OK,,,,,False,
,,Tensi Berdiri,Gudescope,,,2010,1,,,OK,,,,,False,
,,Tourniquet pressure,,,,,1,,,OK,,,,,False,
,,X-Ray Viewer,Tesena,TSN 014D,463/1/11 T 014 D,,2,,,OK,,,,,False,
,,X-RAY Viewer,KA Rixa,,,,2,,,OK,,,,,False,
,,Stetoscope,,,,,1,,,Poli Anak,,,,,False,
,,Timbangan Bayi,,,,,1,,,Poli Anak,,,,,False,
,,Examination Lamp,Famed,Diagnostoc Lamp Solis 30F,20220344,2023,1,,,Poli Bedah,,,,,False,
,,Suction,SANI,,,,1,,,Poli Bedah,,,,,False,
,,Tensi Meter Digital,Omron,Omron Health Care,07006320LF,,1,,,Poli Bedah,,,,,False,
,,Dental Unit,Clesta,Belmont,AV12J0479,,1,,,Poli gigi,,,,,False,
,,Sterilisator,Corona,ZTP80A,,2025,1,,,Poli gigi,,,,TIDAK TERDATA,True,TIDAK ADA DI REALISASI BLUD MAUPUN AOBD 2024
,,Tensi Meter,Omron,Omron health Care,07006401LH,,1,,,Poli gigi,,,,,False,
,,EKG,Innomed,HS 112C-1,20239321,2023,1,DAK 2023,56000000.0,Poli Jantung,,,,,False,
,,Saturasi,OneMed,IPX2,,,1,,,Poli Jantung,,,,,False,
,,Tensi Meter Digital,Omron,Omron Health Care,07006320LF,,1,,,Poli Jantung,,,,,False,
,,Bed Elektrik,Famed,,,,1,,,Poli Kebidanan,,,,,False,
,,Bedgin,,,,,1,,,Poli Kebidanan,,,,,False,
,,CTG,Edan,Edan/F9 Express,314026-M12802560007,,1,,,Poli Kebidanan,,,,,False,
,,Tensi Meter,Omron,Omron health Care,070064061LH,,1,,,Poli Kebidanan,,,,,False,
,,USG,Mindray,Mindray,QE2400064,,1,,,Poli Kebidanan,,,,,False,
,,Autorefkeratometer,Shin-nippon,Accuref.k 9001,33HA6419,,1,,,Poli Mata,,,,,False,
,,Chart Projector,Shin-nippon,CP-30,,,,,,Poli Mata,,,,,False,
,,Slit Lamp,Shin-nippon,SL-102,,,1,,,Poli Mata,,,,,False,
,,Tonometer,Shin-nippon,NCT.10,22460917,,1,,,Poli Mata,,,,,False,
,,Film Viewer,Tesena,,,,2,,,Poli Penyakit Dalam,,,,,False,
,,Printer USG,Sony,UPP 110,,,1,,,Poli Penyakit Dalam,,,,,False,
,,USG,Patsamed,560476,PMXL 823811720001,,1,,,Poli Penyakit Dalam,,,,,False,
,,Alat CT-Scan,Siemens Somatom Perspective,M-CT-172,644501871,2019,1,,,Radiologi,,,,,False,
,,Autometic Processing,Carestream Medical Xray,Prossesor 2000,11961-17107-0848,2018,1,,,Radiologi,,,,,False,
,,Mobile Xray,Siemens Polymobil Plus,,,,1,,,Radiologi,,,,,False,
,,Panoramic,Carestream CS 8100SC (Toshiba),CS 8100SC,31487,2019,1,,,Radiologi,,,,,False,
,,Portable Xray,,,,,1,,,Radiologi,,,,,False,
,,Printer Puji,,,,,1,,,Radiologi,,,,,False,
,,Printer Puji,,,,,1,,,Radiologi,,,,,False,
,,USG,GE,Logiq E,120516 WXO,2009,1,,,Radiologi,,,,,False,
,,USG,PATSAMED,PM-XL8,PMXL823811720002,-,1,,,Radiologi,,,,,False,
,,X-ray Konvensional,WON,WSR 40 Plus,WIV 23 CO 3001,2023,1,DAK 2023,2250000000.0,Radiologi,,,,TERDATA,False,
,,Xray Portable,Fuji Film,FDR X-AIR,,2024,1,HIBAH APBN 2024,1310000000.0,Radiologi,,BAIK,,TERDATA,False,
,,Xray Mobile,Sitec,,,2024,1,APBD 2024,450000000.0,Radiologi,,BAIK,,TERDATA,False,
,,Meadent-Pakistan,,,,2022,1,,,THT,,,,,False,
,,Medical Head Lamp,Bistos,BT-410,SN ECN40608,,1,,,THT,,,,,False,
,,Tensi Meter Digital,Omron,HBT-9030,07006313LF,2023,1,,,THT,,,,,False,
,,THT,Stardy,,802,,1,,,THT,,,,,False,
,,BLOOD BAG TUBE SEALER,DOCON SEALM,-,-,2023,1,,,UTD,,,,,False,
,,BLOOD BANK,KIRSCH,BL-300,280 09 20031,-,1,,,UTD,,,,,False,
,,BLOOD BANK,SANYO,MBR-107 D(H),60814446,-,1,,,UTD,,,,,False,
,,CENTRIFUGE,HETTICH,EBA20,0127406-7,-,1,,,UTD,,,,,False,
,,ELEKTRIK BALANCE,COMPOGUARD,-,-,-,1,,,UTD,,,,,False,
,,INKUBATOR,MEMMERT,UNB400,C413.0630,-,1,,,UTD,,,,,False,
,,KULKAS REAGEN DAN FREEZER,DOMESTIK,MD360CS,2470074,-,1,,,UTD,,,,,False,
,,KURSI DONOR DARAH,,,,2016,2,,,UTD,,,,,False,
,,MICROSCOPE,REX VISION,Y100,220,-,1,,,UTD,,,,,False,
,,MIKROPIPET,THERMO,-,-,-,4,,,UTD,,,,,False,
,,PLASMA EXTRACTOR,FRESENIUS KABI,-,-,-,1,,,UTD,,,,,False,
,,PLASMA EXTRACTOR,BAXTER,T,-,-,1,,,UTD,,,,,False,
,,PLATELET AGITATOR,FRESENIUS GABI,-,-,-,1,,,UTD,,,,,False,
,,TEMPERATURE SUHU,ONE HEALTH MEDICAL,CLOCK/HUMIDITY HTC-2,,2023,2,,,UTD,,,,,False,
,,TENSI DIGITAL,OMRON,-,-,2023,2,,,UTD,,,,,False,
,,TENSI JARUM,ONEMED,-,-,-,4,,,UTD,,,,,False,
,,TIMBANGAN BADAN DIGITAL,KRIS,-,-,2018,2,,,UTD,,,,,False,
,,TIMBANGAN BADAN DIGITAL,KRIS,,,2018,2,,,UTD,,,,,False,
,,TIMBANGAN BADAN MANUAL,LAICA,-,-,2016,1,,,UTD,,,,,False,
,,WATERBATH,NUVE,NB20,22.286,-,1,,,UTD,,,,,False,
,,Bed Manual,Paramount,PA59815-0608L,,,9,,,VK,,,,,False,
,,Bedgyn Digital,MAK,Digital Gynecologi Bed,,2018,1,,,VK,,,,,False,
,,Bedgyn Digital,Nuritek Indonesia,"Linak HBW 0 73-006, Hospital Bed Multipose",2315010000000000000,2023,1,DAK 2023,96100000.0,VK,,,,TERDATA,False,
,,Bedgyn manual,,,,,2,,,VK,,,,,False,
,,COM,,,,,3,,,VK,,,,,False,
,,Curatage set,,,,,2,,,VK,,,,,False,
,,Digital Paramount,Paramount Bed,,,,2,,,VK,,,,,False,
,,Dopler,MED Gyn,3.0 Mhz Waterproof IPX8,H17A004702587,,1,,,VK,,,,,False,
,,Dopler,Terravizion by IMN,,ASo 0001230004,,,,,VK,,,,,False,
,,Dopler,INCREAMED,,IN.2412205002,,1,,,VK,,,,,False,
,,EKG,INNOMED Heartscreen,HS112C-1,22239247,2023,1,DAK 2023,56000000.0,VK,,,,TERDATA,False,
,,Forcep,,,,,1,,,VK,,,,,False,
,,GV Set,,,,,1,,,VK,,,,,False,
,,Infus Pump,B Braun Infusmat Scape,8713070,,2013,1,,,VK,,,,,False,
,,Infuse pump,Precisionmed,,11.32.00.07.03.2023.05.19,,1,,,VK,,,,,False,
??,,Intubasi set,Greatcare,Silicone manual rersuscitator,,2023,2,,,VK,,,,,False,
,,Intubasi Set,Blue Cross Silicone Resustators,,,2018,2,,,VK,,,,,False,
,,Lampu Rontgen,KA Rixa,,,,1,,,VK,,,,,False,
,,Lampu Sorot,Famed,BH-132,20050385,,1,,,VK,,,,,False,
,,Lampu sorot,Dyna Lighting DNA 100 LED,,,,1,,,VK,,,,,False,
,,Monitor Lengkap,Medical Equitment and laboratory supplier,Dexion Patient Monitor Storm 5900,50922055192,2023,1,DAK 2023,105896000.0,VK,,,,TERDATA,False,
,,Partus Set,,,,,3,,,VK,,,,,False,
,,Saturasi Digital,Bionet,OXY 9 wave pulse oxymeter,ii.32.00.07.03.2025.05.19,2023,1,APBD 2023,8258832.0,VK,,,,TERDATA,False,
,,Sterilitator Kering,Fortune Light Wave Medical Sterilizer,,ZTP78E,2016,1,,,VK,,,,,False,
,,Stetoskop,Smartcare original,,,,1,,,VK,,,,,False,
,,Stetoskop,Merk tidak terbaca,,,,1,,,VK,,,,,False,
,,Suction Unit,saNi Electric Suction Units,703A,,2023,1,DAK 2023,34894500.0,VK,,,,TERDATA,False,
,,Syringe pump,precisionmed,,11.32.00.07.03.2023.05.19,,1,,,VK,,,,,False,
,,Tensi meter,ABN Regal Clock Aneroid,,,2020,2,,,VK,,,,,False,
,,Termometer Digital,Onehealth,,,,1,,,VK,,,,,False,
,,Terumol Besar,,,,,2,,,VK,,,,,False,
,,Terumol Kecil,,,,,1,,,VK,,,,,False,
,,Tiang infus,MAK,,,2018,10,,,VK,,,,,False,
,,Timbangan Bayi digital,,,,,1,,,VK,,,,,False,
,,Troli com,MAK,36302,,,1,,,VK,,,,,False,
,,Troli Dorong,KA Rixa,KA016-00BSS,,,1,,,VK,,,,,False,
,,Troly Dorong Pakai Laci,MAK,35102,2530807,2008,1,,,VK,,,,,False,
,,Troly Emergency,MAK,36603,130900005,2013,1,,,VK,,,,,False,
