No,Nama Barang,Merk,Tipe,Seri Number,Tahun,Jumlah,Ruang,Keterangan
1,CSSD Steris,,,,,1,CSSD, 
2,Bed Patient,Paramount,PA12-0807F,3KOL 502100AO,2007,1,Fisioterapi,SUDAH DIKALIBRASI 
3,Elektrikal Simulator,Chattanoga,Intelect Advanced,1314,2007,1,Fisioterapi,SUDAH DIKALIBRASI 
4,Infra red Terapy,Beurer,IL21,213323,2007,1,Fisioterapi,SUDAH DIKALIBRASI 
5,Infra red Therapy,Beurer,IL21,213221,2007,1,Fisioterapi,SUDAH DIKALIBRASI 
6,Infra Red Therapy,Beurer,IL21,213222,2007,1,Fisioterapi,SUDAH DIKALIBRASI 
7,Infrared Standing 3 Lampu ,Heuser,TGS 3.1 Onhe Dimmer,233.73.0907.432,2007,1,Fisioterapi,SUDAH DIKALIBRASI 
8,Laser Therapy,Chattanoga,Intelec Model 2779,173,2007,1,Fisioterapi,SUDAH DIKALIBRASI 
9,Micro Wave Diathermy,Fysiomed,Microwave 25P Tpe BF,10291,2012,1,Fisioterapi,SUDAH DIKALIBRASI 
10,Paralel Bar,,,,,1,Fisioterapi,SUDAH DIKALIBRASI 
11,Respionic,Philips Respironic,REF CA-3200,16202,,,Fisioterapi,SUDAH DIKALIBRASI 
12,Statis Bycle,,,,,1,Fisioterapi,SUDAH DIKALIBRASI 
13,Tens Unit,EME,Therapic 9400,EM 08070918,2018,1,Fisioterapi,SUDAH DIKALIBRASI 
14,TENS UNIT,CHATTANOGA,Intelect,T2740,2012,1,Fisioterapi,SUDAH DIKALIBRASI 
15,Traksi Unit,,,,2007,,Fisioterapi,SUDAH DIKALIBRASI 
16,Troly Tindakan,Mak Instrument Trolley,35101,0755-11-06,,2,Fisioterapi,SUDAH DIKALIBRASI 
17,Ultra Sound Therapy,EME,,EM07340718,2018,1,Fisioterapi,SUDAH DIKALIBRASI 
18,Ultra Sound Unit,Chattanoga,Intelect,,2007,1,Fisioterapi,SUDAH DIKALIBRASI 
19,Hemodialisa,,,,,11,Hemodialisa,
20,Timbangan,,,,,1,Hemodialisa,
21,Timbangan,,,,,1,Hemodialisa,
22,Alat pengukur gula darah  ,Gluco Dr.,AGM-4000,2021.01EC21AA04563,2021,1,ICU,TIDAK DIKALIBRASI
23,Alat pengukur gula darah  ,Gluco Dr.,AGM-4001,2021.01EC21AA02289,2021,1,ICU,TIDAK DIKALIBRASI
24,Bed Elektrik,Paramount,-,-,2008,4,ICU,TIDAK DIKALIBRASI
25,Defibrilation   ,Bexen,,20026170,2016,1,ICU,Baik
26,EKG,Innomed Heartscreen,-,20239288,,1,ICU,Rusak
27,EKG,Innomed Heartscreen,,22239242,,1,ICU,Baik
28,Examination Lamp,Famed,,,,1,ICU,TIDAK DI KALIBRASI
29,Film View,KArixa,-,-,,1,ICU,TIDAK DI KALIBRASI
30,Gelas ukur urin,,,,,1,ICU,TIDAK DI KALIBRASI
31,HFNC (High Flow Nasal Canul),Aervo2,-,-,,2,ICU,"1 BAIK, 1 RUSAK"
32,Infus Pump,Mindray,-,SK 10308902,2021,1,ICU,SUDAH DIKALIBRASI 
33,Infus Pump,Mindray,,SK 10308929,2021,1,ICU,Baik
34,Infus Pump,Mindray,-,SK 10308913,2021,1,ICU,SUDAH DIKALIBRASI 
35,Infus Pump,B-Braun,,8713070,,1,ICU,Rusak
36,Laringoskop  set adult,Karl storz,,,,1,ICU,TIDAK DIKALIBRASI
37,Laringoskop  set adult,Hofbauer,,,,1,ICU,TIDAK DIKALIBRASI
38,Monitor Lengkap,Philips,-,DE 67IR3743,2020,1,ICU,SUDAH DIKALIBRASI 
39,Monitor Lengkap,Philips,,DE 67IR3819,2020,1,ICU,Baik
40,Monitor Lengkap,Dixion,-,D5/09/2205/5193,2022,1,ICU,SUDAH DIKALIBRASI 
41,Monitor Lengkap,Dixion,,05/092211/5318,2022,1,ICU,HIBAH HD
42,O2 portable,Krober O2,,,,1,ICU,Baik
43,Oxymetri Portable,Oxy9wave,,,,2,ICU,DIPINJAM PERINA
44,Regulator O2,Mak,-,-,,3,ICU,SUDAH DIKALIBRASI 
45,Regulator oksigen central / Resmed,- RMS,-,-,,,ICU,SUDAH DIKALIBRASI 
46,Regulator oksigen ventilator,- RMS,,,,,ICU,Baik
47,Stetoskop Anak,,,,2017,1,ICU,TIDAK DIKALIBRASI
48,Stetoskop dewasa,GEA,-,-,2017,1,ICU,TIDAK DIKALIBRASI
49,Stetoskop dewasa,-,-,-,2017,2,ICU,TIDAK DIKALIBRASI
50,Suction pump,Industries Med LTD,AC 500,9056236,,1,ICU,BAIK
51,Suction pump,Electric Suction Apparatus,SN703A-D,SANMO94-23-010,2023,1,ICU,BAIK
52,Suction pump,Electric Suction Apparatus,SN703A-D,SANMO94-23-017,2023,1,ICU,BAIK
53,Syringe pump,Mindray,-,SK 10307825,,1,ICU,BAIK
54,Syringe pump,Mindray,-,SK10307823,,1,ICU,RUSAK
55,Syringe pump,Frenesius Kabi,,018094/23196959,,1,ICU,SUDAH DIKALIBRASI 
56,Syringe pump,Frenesius Kabi,,018094/23227676,,1,ICU,Baik
57,Syringe pump,Frenesius Kabi,-,018094/23227675,,1,ICU,Baik
58,Syringe pump,Rchestra,,082594/21452196,,1,ICU,SUDAH DIKALIBRASI 
59,Tensimeter Dewasa,Regal,ABN,,2020,1,ICU,RUSAK
60,Termometer Digital,HuBDIC,FS-300,-,,1,ICU,TIDAK DI KALIBRASI
61,Termometer Digital,Omron,MC-246,-,,1,ICU,TIDAK DI KALIBRASI
62,THT set,,,,,1,ICU,TIDAK DI KALIBRASI
63,Timbangan pempers,,,,,1,ICU,TIDAK DI KALIBRASI
64,USG,Mindray,-,MR-2B004895,,1,ICU,SUDAH DIKALIBRASI 
65,UV Room sterilizer,Medivent,-,-,,1,ICU,TIDAK DI KALIBRASI
66,Ventilator,Bellavista,-,MB230883,2020,1,ICU,RUSAK
67,Ventilator,Bellavista,,MB231220,2020,1,ICU,RUSAK
68,Ventilator,MonalT75,-,MT75-07648,2018,1,ICU,RUSAK
69,Ventilator,Hamilton C2,,160150,,1,ICU,RUSAK
70,Ventilator,Siaretron 4000,,,2024,,ICU,Baik
71,Ventilator mobile,RESMED,-,-,2020,2,ICU,Baik
72,Ambu Bag,Ambu,-,-,-,3,IGD,TIDAK DI KALIBRASI
73,Ambu Bag,Greatcare,,,,6,IGD,TIDAK DI KALIBRASI
74,Bed dengan Bedrails,Paramount,-,-,-,4,IGD,TIDAK DI KALIBRASI
75,Bed Ginekologi Electric,Nutritex,NT 037-B,,2023,1,IGD,TIDAK DI KALIBRASI
76,Bed Jiwa/ Bedah,-,-,-,-,,IGD,TIDAK DI KALIBRASI
77,Bed Jiwa/ Bedah,-,-,-,-,,IGD,TIDAK DI KALIBRASI
78,Bed Side Monitor,Innomed,- Inno Care T11,-,-,5,IGD,4 Rusak
79,Bed Side Monitor,Innomed,- Inno Care T12,-,-,5,IGD,1  Baik
80,Bed Side Monitor,Dixion,-,,2023,2,IGD,SUDAH DIKALIBRASI 
81,Bedside Cabinet,Paramount/ Tanpa merk,-,-,-,2,IGD,TIDAK DI KALIBRASI
82,Brankar Ranjang Darurat,-,-,-,-,2,IGD,TIDAK DI KALIBRASI
83,Defibrilator,Innomed,Cardiac Aid 200 B,-,2022,1,IGD,Rusak
84,Defibrilator,,Cardiac Aid 360 B,,2021,2,IGD,Rusak
85,Doppler,IMN Terravizion,Fetak Doppler,-,2023,1,IGD,Terpakai
86,Doppler,,,,2025,1,IGD,Baik
87,Electric suction,SANI,SN 703A-D /,-,2023,2,IGD,2 Baik
88,Electric suction,Tidak ada merk, AC-500,,,1,IGD,RUSAK
89,EPA Filter Isolasi IGD,-,-,,-,1,IGD,terpakai
90,High Flow Nasal Canula,Poly Medical,Aircov-19,21-0701,2024,1,IGD,
91,Infant Radiant Warmer,SANI,COMP.T10-AS,810040007,2023,1,IGD,SUDAH DIKALIBRASI 
92,Infus Pump,B-Braun,Perfusor Space,-,2013,1,IGD,Rusak
93,Intubasi Set,,,,,,IGD,TIDAK DI KALIBRASI
94,Intybasi Set Dewasa,,,,,,IGD,TIDAK DI KALIBRASI
95,Lampu Tindakan,Famed,-,-,2023,-,IGD,TIDAK DI KALIBRASI
96,Mesin EKG 12 Lead,- Mindray,- Beneheart R 12A,-,2021,2,IGD,1 Rusak
97,Mesin EKG 12 Lead,- Mindray,- Beneheart R 12A,-,2021,2,IGD,DI Poli
98,Mesin EKG 12 Lead,- Innomed,- HeartScreen,-,2023,1,IGD,Baik
99,Nebulizer,Omron,-,-,-,1,IGD,BAIK
100,Oksigen konsentrat,Krober,-,-,2021,3,IGD,3 Tidak Terpakai
101,Pispot stainles/ plastik,-,-,-,-,1,IGD,TIDAK DI KALIBRASI
102,Pulse oximeter,- Bionet,Oxy 9 Wave,-,2023,3,IGD,SUDAH DIKALIBRASI 
103,Pulse oximeter,- Mindray,PM-60,CR 19250581,2021,2,IGD,2Rusak
104,Regulator Oksigen,,-,-,2018/2021,2,IGD,2 Terpakai 
105,Regulator Oksigen,,-,-,2018/2022,3,IGD,3 Rusak
106,Regulator Oksigen Central,RMS,-,-,-,3,IGD, 3 Rusak
107,Regulator Oksigen Central,RMS,-,-,-,6,IGD,6 Baik
108,Set ETT Anak,-,-,-,-,1,IGD,Rusak
109,Set ETT Dewasa,-,-,-,-,1,IGD,Rusak
110,Stetoskop dewasa,GEA/ Erka/ Fazinni / tidak ada merk,-,-,-,2,IGD,2 Baik
111,Stetoskop dewasa,GEA/ Erka/ Fazinni / tidak ada merk,-,-,-,4,IGD,4 Rusak
112,Stetoskop dewasa,Cronea Care,,,2025,1,IGD,Baik
113,Syringe Pump,B-Braun,Infusomat Space P,227124,2013,1,IGD,Rusak
114,Tensi Meter Dewasa,ABN,Regal,-,2019,4,IGD,Baik
115,Tensi Meter Dewasa,ABN,Regal,-,2019,4,IGD,3 Rusak
116,Tensimeter automatic dewasa,Yuwel,YE680E,-,2023,2,IGD,2 Rusak
117,Termometer Digital,Tidak ada merk,-,-,-,-,IGD,Beli sendiri
118,Tiang infus,-,-,-,-,4,IGD,TIDAK DI KALIBRASI
119,Tiang infus,-,-,-,-,1,IGD,TIDAK DI KALIBRASI
120,Timbangan Bayi Digital,GEA,ER 7220,202101069,-,1,IGD,Baik
121,Timbangan Dewasa Digital,SECA,-,-,-,1,IGD,Rusak
122,Timbangan Dewasa Manual,SANI,-,,2023,1,IGD,Baik
123,Trolly emergency,- Mak,-,-,-,1,IGD,TIDAK DI KALIBRASI
124,Trolly emergency,- Nutritex,,,2019,1,IGD,TIDAK DI KALIBRASI
125,Trolly Tindakan,-,-,-,-,3,IGD,TIDAK DI KALIBRASI
126,Urinal  plastik,-,-,-,-,1,IGD,TIDAK DI KALIBRASI
127,USG 2 Dimensi,-,-,-,-,1,IGD,SUDAH DIKALIBRASI 
128,Ventilator Mobile,Imtmedical,-,-,2022,-,IGD,SUDAH DIKALIBRASI 
129,HRF,,,,,1,IGD JIWA,2
130,ECT,,,,,1,IGD JIWA,1
131,Ambu Bag,Ambu,Moretty,-,,1,Irna Anak,TIDAK DI KALIBRASI
132,Ambu Bag,Greatcare,,-,,3,Irna Anak,TIDAK DI KALIBRASI
133,Bed Anak,,YE680E,,,15,Irna Anak,TIDAK DI KALIBRASI
134,Bed Dewasa,Paramount,Oxy 9 Wave,-,,5,Irna Anak,TIDAK DI KALIBRASI
135,Bedside Cabinet,Paramount,11.82.00.07.03.1022.0809,-,,14-Aug,Irna Anak,TIDAK DI KALIBRASI
136,Electric suction,SANI ASPIMED,, 11.3200070320130829,2023,2,Irna Anak,TIDAK DI KALIBRASI
137,Infus Pump,B Braun,Innocare-T12,-  024043200355235,2013,2,Irna Anak,"1 BAIK, 1 RUSAK"
138,Infus Pump,Frensius Kobi,BeneHeart-12A,2.40432E+16,2013,2,Irna Anak,RUSAK
139,Monitor lengkap,Dixion,Stroom 5900-05,02.08.0101.05.009,2023,2,Irna Anak,1 Baik
140,Nebulizer,OMRON,SN703A-D,23495783,2018,1,Irna Anak,Error (DI IPSRS)
141,Nebulizer,OMRON,SN703A-D,20121100022AF,2013,1,Irna Anak,Baik
142,Oksigen Konsentrat,YUWELL,,,2020,1,Irna Anak,Baik
143,Pulse oximeter,Bionet,Stroom 5900-05,11.32.00.07.03.2023.05.30,2023,2,Irna Anak,Baik
144,Regulator O2,-,,-,,4,Irna Anak,Baik
145,Regulator oksigen central,RMS,Optima PT,-,,18,Irna Anak,Baik
146,Sekerem,-,NE U 17,-,,2,Irna Anak,TIDAK DI KALIBRASI
147,Syringe Pump,B Braun,Innocare-T12,24043200323235,2013,1,Irna Anak,Baik
148,Tensimeter automatic ,YUWELL,Stroom 5900-05,11.32.0007.03.1022.08.09,2023,2,Irna Anak,Kurang Baik
149,Tiang infus,,Electric Suction Apparatus SN 703A-D,-,,12,Irna Anak,TIDAK DI KALIBRASI
150,Timbangan Berat Badan Dewasa,TESENA,Ne – C 900,-,2018,1,Irna Anak,TIDAK DI KALIBRASI
151,Trolly emergency,Mak,Phlegm Suction 7E-A,208011047002,2013,1,Irna Anak,TIDAK DI KALIBRASI
152,Alat pengukur gula darah,Gluco Dr.,AGM-4000,❖    SANM094-23-014,2020,1,Irna Bedah,TIDAK DI KALIBRASI
153,Ambu Bag,Ambu,-,-,,1,Irna Bedah,TIDAK DI KALIBRASI
154,Ambu Bag, Greatcar,-,-,,4,Irna Bedah,TIDAK DI KALIBRASI
155,Baskom Stainles,-,,,2018,1,Irna Bedah,TIDAK DI KALIBRASI
156,Bed dengan Bedrails,Paramount,,,,13,Irna Bedah,TIDAK DI KALIBRASI
157,Bed dengan Bedrails,Paramount,,,,1,Irna Bedah,TIDAK DI KALIBRASI
158,Bed Tanpa bedrails,Paramount,,,,5,Irna Bedah,TIDAK DI KALIBRASI
159,Bedside Cabinet,Paramount/ Tanpa merk,,,2019,,Irna Bedah,TIDAK DI KALIBRASI
160,Defibrilator,Cmos drake,Life400plus futura,,2018,1,Irna Bedah,Baik
161,Electric suction,SANI,Electric Suction Apparatus SN 703A-,918038848,2023,2,Irna Bedah,Baik
162,Emergency kit,-,,,,,Irna Bedah,TIDAK DI KALIBRASI
163,Gunting perband,-,,,,,Irna Bedah,TIDAK DI KALIBRASI
164,Infrared Forehead,Onehealth,YHW-S,2016.07.EA16GC00113,,1,Irna Bedah,Baik
165,Infus Pump,Precionmed,Accu Drip 10,❖    SANM094-23-002,2023,1,Irna Bedah,Baik
166,Kasur Matras,-,,,,19,Irna Bedah,TIDAK DI KALIBRASI
167,Meja mayo/ Meja tindakan,Top,-,-,,2,Irna Bedah,TIDAK DI KALIBRASI
168,Mesin EKG 12 Lead,Heartscreen,Heart Screen 112,22239244,2023,1,Irna Bedah,TIDAK DI KALIBRASI
169,"Minor Set GV terdiri dari (Gunting jaringan, pinset anatomi, pinset",-,,"Medicom, Hebu, Inox, BJB Unicef, Lawton",2018,,Irna Bedah,TIDAK DI KALIBRASI
170,Monitor lengkap,Dixion,1 Storm 5900-05,❖    05/09/2205/5200,2023,2,Irna Bedah,Baik
171,Mortir/Lumpang Obat,-,,,2022,1,Irna Bedah,TIDAK DI KALIBRASI
172,Neirbekken / Bengkok,-,,,,,Irna Bedah,TIDAK DI KALIBRASI
173,Pispot stainles,-,,,,,Irna Bedah,TIDAK DI KALIBRASI
174,Pulse oximeter,Bionet,Oxy 9 Wave,❖    05/09/2205/5186,2023,2,Irna Bedah,Baik
175,Regulator oksigen central,RMS,,,,18,Irna Bedah,TIDAK DI KALIBRASI
176,Sekerem,,,,,2,Irna Bedah,TIDAK DI KALIBRASI
177,Stetoskop dewasa,GEA,-,AD 000 123 0061,2017,2,Irna Bedah,TIDAK DI KALIBRASI
178,Tensimeter automatic dewasa,Confort fora,P60,11.32.00.07.03.2023.05.3,2025,1,Irna Bedah,Baik
179,Termometer Digital,HuBDIC,FS-300,-,,1,Irna Bedah,Rusak
180,Termometer Manual,Hexacare,-,-,,1,Irna Bedah,Baik
181,Tiang infus roda,Mak,,,,11,Irna Bedah,TIDAK DI KALIBRASI
182,Tiang infus roda,Mak,,,,4,Irna Bedah,TIDAK DI KALIBRASI
183,Tiang infus tanpa roda,Mak,,,,4,Irna Bedah,TIDAK DI KALIBRASI
184,Timbangan Berat Badan,Laica,,,,1,Irna Bedah,Baik
185,Torniquet,-,,,2019,2,Irna Bedah,TIDAK DIKALIBRASI
186,Trolly emergency,Mak,,C413.0630,,1,Irna Bedah,TIDAK DIKALIBRASI
187,Trolly Tindakan ( GV),Mak,-,-,,1,Irna Bedah,TIDAK DIKALIBRASI
188,Tromol kecil,Health,,,,1,Irna Bedah,TIDAK DIKALIBRASI
189,Tromol sedang,Cremona,,,2019,,Irna Bedah,TIDAK DIKALIBRASI
190,Urinal stainles / plastik,,,,,,Irna Bedah,TIDAK DIKALIBRASI
191,Alat GDS,"Gluco Dr.Auto""A",ACM-4000,GC21AA02027,,1,Irna Penyakit Dalam,TIDAK DIKALIBRASI
192,Ambu Bag,Ambu,,,,1,Irna Penyakit Dalam,TIDAK DIKALIBRASI
193,Ambu Bag,Ambu,,,,1,Irna Penyakit Dalam,TIDAK DIKALIBRASI
194,Ambu Bag - Adult,GreatCare,,GCR/03/01,2023,1,Irna Penyakit Dalam,TIDAK DIKALIBRASI
195,Ambu Bag - Infant,GreatCare,,GCR/03/05,2023,1,Irna Penyakit Dalam,TIDAK DIKALIBRASI
196,Ambu Bag - Paediatrk,GreatCare,,GCR/03/03,2023,1,Irna Penyakit Dalam,TIDAK DIKALIBRASI
197,Defibrilator/DC Shock,Inomed,Kardio AID 200B,16206447,2017,1,Irna Penyakit Dalam,RUSAK
198,EKG ,Mindray,BeneHeart-12A,FX 17003815,2021,1,Irna Penyakit Dalam,Baik 
199,Film Vewer,,,,,1,Irna Penyakit Dalam,Baik (Nursestation LT4)
200,Infuse Pump,Precisionemed IMN,Accu Drip 10,AD 001230070,2023,1,Irna Penyakit Dalam, Baik
201,Infuse Pump,Precisionemed IMN,Accu Drip 10,AD 001230062,2023,1,Irna Penyakit Dalam,Baik (IPSRS 11/8/2024)
202,Infuse Pump,Presenius Kabi,Optima PT IS,027390/23495781,2018,1,Irna Penyakit Dalam,Rusak (IPSRS)
203,Infuse Pump,Presenius Kabi,Optima PT IS,027390/23495699,2018,1,Irna Penyakit Dalam,Rusak (Pindahan Isolasi)
204,Infuse Pump,Mindray,Benefusion VP5 X,SK 10308913,2021,1,Irna Penyakit Dalam,Baik (Hilang cantolan)
205,Infuse Pump,,,19328898,,1,Irna Penyakit Dalam,Rusak (IPSRS)
206,Infuse Pump,,,19328897,,1,Irna Penyakit Dalam,Baik (IPSRS)
207,Infuse Pump,Mindray,Benefusion VP5X,,,1,Irna Penyakit Dalam, Baik
208,Infusion Stand,,,,,19,Irna Penyakit Dalam,TIDAK DIKALIBRASI 
209,Monitor Pasien,Dixion,Stroom 5900-05,50922055173,2023,1,Irna Penyakit Dalam,Manset dan Colokan Spo2 Rusak
210,Monitor Pasien,Dixion,Stroom 5900-05,50922055188,2023,1,Irna Penyakit Dalam,Baik 
211,Monitor Pasien,Dixion,Stroom 5900-05,50922055197,2023,1,Irna Penyakit Dalam,Manset Tensi Rusak
212,Monitor Pasien,Philips,,DG 671R3911,2020,1,Irna Penyakit Dalam,Manset Tensi Rusak
213,Monitor Pasien,Inomed,Innocare-T12,Q068A050007,2021,1,Irna Penyakit Dalam,"BAIK, Manset Tensi Rusak"
214,Monitor Pasien,Inomed,Innocare-T12,Q068A050009,2021,1,Irna Penyakit Dalam,BAIK
215,Nebulizer,Philips,Inospire Elegance,Ref 1095067,2015,1,Irna Penyakit Dalam,Baik (Pindahan Isolasi)
216,Nebulizer,Omron,NE-C900,20180201067,2018,1,Irna Penyakit Dalam,Baik 
217,Nebulizer,Omron,NE-417-C3,20121100053 AF,2013,1,Irna Penyakit Dalam,RUSAK
218,Oxigen Concentrator,Yuwell,9F5AW,200501092,2020,1,Irna Penyakit Dalam,Baik (Jarang dipakai)
219,Oxigen Concentrator,Krober,Krober 02,1013055928,2013,1,Irna Penyakit Dalam,"Baik (Jarang dipakai, Masih dibungkus)"
220,Oxigen Concentrator,Krober,Krober 02,1021051798,2013,1,Irna Penyakit Dalam,"Baik (Jarang dipakai, Masih dibungkus"
221,Oxygen Portable,,,,,1,Irna Penyakit Dalam,Baik
222,Paramount Bedside Cabinet,,,,,19,Irna Penyakit Dalam,TIDAK DI KALIBRASI
223,Pulse Oximeter,ChoiceMed,MD300C29,201708 749887,2020,1,Irna Penyakit Dalam,Baik 
224,Pulse Oximeter,Mindray,UPM006-10CD,Z1160001382,2021,1,Irna Penyakit Dalam,Hilang Charge
225,Pulse Oximeter,Beurer P60,,89077 ulm,2025,1,Irna Penyakit Dalam,RUSAK
226,Regulator Oxygen,,,,,16,Irna Penyakit Dalam,16 Buah (2 Rusak)
227,Set GV Lengkap,,,,2025,1,Irna Penyakit Dalam,TIDAK DI KALIBRASI
228,Stethoscope,GEA,,,,1,Irna Penyakit Dalam,TIDAK DI KALIBRASI
229,Stethoscope,,,,,1,Irna Penyakit Dalam,TIDAK DI KALIBRASI
230,Suction,Sani,SN703A-D,SANM 094-23-008,2023,1,Irna Penyakit Dalam,Baik (Jarang dipakai)
231,Suction,Sani,SN703A-D,SANM 094-23-007,2023,1,Irna Penyakit Dalam,
232,Suction Portable,General Care,Phlegm Suction 7E-A,20130722482,,1,Irna Penyakit Dalam,
233,Suction Pump,Aspimed 3.3,Moretty,1621,2013,1,Irna Penyakit Dalam,
234,Syringe Pump,Precisionemed,Accu Drip 20,AD 0002230075,2023,1,Irna Penyakit Dalam,
235,Syringe Pump,Precisionemed,Accu Drip 20,AD 0002230070,2023,1,Irna Penyakit Dalam,SYRINGE PUMP 4 BAIK
236,Syringe Pump,Fresenius Kabi,Injectomat Agilia,018094/23196637,,1,Irna Penyakit Dalam,SISANYA RUSAK
237,Syringe Pump,Fresenius Kabi,Injectomat Agilia,018094/23196632,,1,Irna Penyakit Dalam,
238,Syringe Pump,Fresenius Kabi,Injectomat Agilia,018094/23196958,,1,Irna Penyakit Dalam,
239,Syringe Pump,Fresenius Kabi,Injectomat Agilia,018094/23196639,,1,Irna Penyakit Dalam,
240,Tempat tidur Pasien,,,,,16,Irna Penyakit Dalam,TIDAK DI KALIBRASI
241,Tensi Meter,Regal,Clock Aneroid,20005180,2020,1,Irna Penyakit Dalam,Rusak (Manset Tensi Rusak)
242,Tensi Meter,,DM-500,151006059,2018,1,Irna Penyakit Dalam,Rusak (IPSRS)
243,Tensi Meter,,DM-500,151006152,2018,1,Irna Penyakit Dalam,Rusak (IPSRS)
244,Tensi Meter BIASA,Jziki,,2020 10052740,2025,1,Irna Penyakit Dalam,Baik 
245,Tensi Meter Digital,Fora P60,,0471989-3235142,2025,1,Irna Penyakit Dalam, Baik
246,Thermometer,HuBDic,FS-300,Y432406,2018,1,Irna Penyakit Dalam,Rusak
247,Thermometer,OneHealt,Infrared Forehead,XC22103106940,2023,1,Irna Penyakit Dalam,
248,Timbangan,Seca,,7621019008,2017,1,Irna Penyakit Dalam, Baik
249,Trolly Emergency,Mak,36603,,2011,1,Irna Penyakit Dalam,TIDAK DI KALIBRASI
250,Trolly Tindakan,,,,,3,Irna Penyakit Dalam,TIDAK DI KALIBRASI
251,Ambu Bag,Ambu,-,-,,1,Irna Perinatology,TIDAK DI KALIBRASI
252,Ambu Bag,Greatcare,,,,3,Irna Perinatology,TIDAK DI KALIBRASI
253,Ambu Bag warna biru,,-,-,-,1,Irna Perinatology,TIDAK DI KALIBRASI
254,Ambu Bag warna hitam,,-,-,-,1,Irna Perinatology,TIDAK DI KALIBRASI
255,Bed dengan Bedrails,Paramount,-,-,,3,Irna Perinatology,TIDAK DI KALIBRASI
256,Bedside Cabinet,Paramount/ Tanpa merk,-,-,,,Irna Perinatology,TIDAK DI KALIBRASI
257,Box Bayi,Paramount,-,-,2007,5,Irna Perinatology,TIDAK DI KALIBRASI
258,Box Bayi,Tanpa merk,-,-,-,2,Irna Perinatology,TIDAK DI KALIBRASI
259,Box Bayi,GEA,-,-,-,5,Irna Perinatology,TIDAK DI KALIBRASI
260,CPAP,One Med,AD Series,SN 18037I045,2019,1,Irna Perinatology,
261,Fototherapi,Mediled,LED Phototherapy,SN 1861-12,2013,1,Irna Perinatology,
262,Fototherapi,Mediled,LED Phototherapy,SN 1856-12,2013,1,Irna Perinatology,FOTOTHERAPI 5 BAIK SISANYA RUSAK
263,Fototherapi,Atom,Phototherapy,SN 1692-777,2006,1,Irna Perinatology,
264,Fototherapi,Mediled,LED Phototherapy,SN 468-09,2013,1,Irna Perinatology,
265,Fototherapi,Medixe,Phototherapy PH1A,SN 40401109140,2009,1,Irna Perinatology,
266,Fototherapi,Mediled,Phototherapy PH1A,SN 40401109074,2009,1,Irna Perinatology,
267,Gunting perband,-,-,-,,1,Irna Perinatology,TIDAK DI KALIBRASI
268,Incubator,Dixion,Baby Guard - 1107,SN 11/20/2304/4001,2023,1,Irna Perinatology,BAIK
269,Incubator,Dixion,Baby Guard - 1107,SN 11/20/2304/4002,2023,1,Irna Perinatology,BAIK
270,Incubator,Dixion,Baby Guard - 1107,SN 11/20/2304/4003,2023,1,Irna Perinatology,Rusak
271,Incubator,YP 100,YP 100,SN 05094271,2005,1,Irna Perinatology,Rusak
272,Incubator,YP 100,YP 100,SN 06045020,2006,1,Irna Perinatology,Rusak
273,Infant Warmer,SANI,SN 100/W,SN SANM021-22-133,2022,1,Irna Perinatology,
274,Infant Warmer,FAZZINI,BN-100A,SN 1190730039,2022,1,Irna Perinatology,
275,Infant Warmer,ATOM,C20-0304,SN 615652200024,2022,1,Irna Perinatology,WARMER 1 BAIK SISANYA RUSAK
276,Infant Warmer,ATOM,C20-0304,SN 615652200025,2022,1,Irna Perinatology,
277,Infant Warmer,Medix,SM 401,SN 1151-05,2008,1,Irna Perinatology,
278,Infant Warmer,Medix,SM 401,SN 5089-13,2013,1,Irna Perinatology,
279,Infant Warmer,Medix,SM 401,SN 5001-13,2013,1,Irna Perinatology,
280,Infus Pump,B-Braun,8713070,SN 227241,2013,1,Irna Perinatology,
281,Infus Pump,B-Braun,8713070,SN 227252,2013,1,Irna Perinatology,INFUSPUMP BAIK 5
282,Infus Pump,Optima PTIS,Optima PTIS,SN 097390/23495695,2018,1,Irna Perinatology,
283,Kasur Matras,-,-,-,,3,Irna Perinatology,TIDAK DIKALIBRASI
284,Korentang,-,-,-,,1,Irna Perinatology,TIDAK DIKALIBRASI
285,Laringoscope set,-        ,-,-,-,1,Irna Perinatology,TIDAK DIKALIBRASI
286,Monitor Lengkap + EKG,Altus Omni II,-,SN OMNI 209103045,2009,1,Irna Perinatology,BAIK
287,Monitor Lengkap + EKG,,,,,,Irna Perinatology,BAIK
288,Neirbekken / Bengkok,-,-,-,,1,Irna Perinatology,TIDAK DI KALIBRASI
289,Neo Transport Incubator,Fanem,ITS 158 TS,SN 3070110074,2012,1,Irna Perinatology,Baterai Tidak Baik
290,Neo Transport Incubator,Medix,TR 200,SN 2111-11,-,1,Irna Perinatology,BAIK
291,Neo Transport Incubator,Medix,TR 200,SN 2102-11,2017,1,Irna Perinatology,BAIK
292,Neopuff,Fisher and Paykel,RD900AEU,SN 090901002849,2009,1,Irna Perinatology,BAIK
293,Pulse Oximetri,One Med,Bionet,SN O2A4ENA0061,2023,1,Irna Perinatology,
294,Pulse Oximetri ,One Med,Bionet,SN ENAA0038,2023,1,Irna Perinatology,PULSE OXY BAIK 4
295,Pulse Oximetri  + Charger,Advanced,PO-100B,SN 261999-M21902290001,2022,1,Irna Perinatology,
296,Regulator O2,-,-,-,,5,Irna Perinatology,BAIK
297,Regulator oksigen central,RMS,-,-,,5,Irna Perinatology,BAIK
298,Resusitasi Flow / Neopuff,Resusci Flow,Rail Mounting,SN 220100255,2022,1,Irna Perinatology,BAIK
299,Stetoscope,Erka,Infant,-,,2,Irna Perinatology,TIDAK DI KALIBRASI
300,Stetoscope,ABN,Infant,-,,1,Irna Perinatology,TIDAK DI KALIBRASI
301,Suction Mobile,Atmos,-,SN 007408006500065,2009,1,Irna Perinatology,BAIK
302,Suction Pump,Tecno Gaz,Tecno 40,SN B15641008,2008,1,Irna Perinatology,BAIK
303,Suction Pump,Gabler,FSE 500,SN 7980.05.07,2007,1,Irna Perinatology,BAIK
304,Suction Pump,Sani,SN703A-D,SN SANM094-23-006,2023,1,Irna Perinatology,BAIK
305,Syiringe Pump,Fresenius Kabi,Injectomat-Agilia is,SN 018090/20402518,2014,1,Irna Perinatology,BAIK
306,Termometer Digital,Microlife,Forhead,-,,2,Irna Perinatology,TIDAK DI KALIBRASI
307,Termometer Digital,Microlife,FS 300,-,,1,Irna Perinatology,TIDAK DI KALIBRASI
308,Termometer Manual/ air raksa,Safety,-,-,,1,Irna Perinatology,TIDAK DI KALIBRASI
309,Tiang infus roda,Mak,-,-,,5,Irna Perinatology,TIDAK DI KALIBRASI
310,Timbangan Bayi,Elitech,-,SN TD314BA0828,2018,1,Irna Perinatology,BAIK
311,Timbangan Bayi,Seca,-,SN 10000000306941,2019,1,Irna Perinatology,BAIK
312,Timbangan Bayi,Seca,-,SN 3541317009,2011,1,Irna Perinatology,Punya IGD
313,Umbilikal Set,-,-,-,,3,Irna Perinatology,TIDAK DI KALIBRASI
314,Centrifuge,Eppendorf,,SN 5702HI945670,-,2,Laboratorium,BAIK
315,Centrifuge,,,SN 5702HI145631,,,Laboratorium,
316,Elektrolit,MK-Cell,,BE060289,,,Laboratorium,
317,Hematologi,Swelab Alpa,-,SN-17099,,,Laboratorium,
318,Hematologi,Mindray,BC5130,SN TR-43009330,,,Laboratorium,
319,Hematologi,Sysmex ,XN 330,SN 11855,,,Laboratorium,
320,Hemostatis,Solea 100,,SN 0180060D-0006,,,Laboratorium,
321,Imunologi,I-Chroma II,,IR2RF114013,,,Laboratorium,
322,Kimia Klinik,Mindray,BS230,SN YY-9001408,,,Laboratorium,
323,Kimia Klinik,Biosystem,BA 200,SN 832000268,,,Laboratorium,
324,Mikro Pipet,,,,,,Laboratorium,
325,Mikroskop,Olimpus,,SN N1700500H0280SE,,,Laboratorium,BAIK
326,POCT,Glukosa,,,,,Laboratorium,
327,POCT ,I-STAT,,SN(21)420543,,,Laboratorium,
328,Rotator,,,,,,Laboratorium,
329,Water Bath,,,"SN 03,3217",,,Laboratorium,
330,Treadmill ,,,,,1,MCU,BAIK
331,Anasthesi Ventilasi,,,,,1,OK,Rusak
332,Anasthesi Ventilator,GE Datex Ohmeda,s/s,ANBN0134,2010,1,OK,Rusak
333,Anasthesi Ventilator,Penlon,Prima 400,460/017-0009,2013,1,OK,Baik
334,Anasthesi Ventilator,Dexion,,,2023,1,OK,Baik
335,Anasthesi Ventilator,AMS 200,,,,1,OK,Rusak
336,Barkery Warming Center,,,,2011,,OK,Rusak
337,DC-Shock,,,,,,OK,Baik
338,Electrosurgery Unit,KLS Marin Maxium,Maxium,ME402mo6031030M,,2,OK,Baik
339,Lampu Operasi,Ignis 160,,,2023,1,OK,Baik
340,Lampu Operasi,Octis 70,,,,1,OK,Baik
341,Lampu Operasi,KLS Martin,,,,1,OK,Baik
342,Lampu Operasi,Surgiris,,,,1,OK,Rusak Digudang
343,Lampu Operasi Portable,,,,2018,1,OK,Baik
344,Laringoscope,Glide Scope,,,2010,1,OK,TIDAK DI KALIBRASI
345,Meja Instrument,,,,,3,OK,TIDAK DI KALIBRASI
346,Meja Mayo,,,,,3,OK,TIDAK DI KALIBRASI
347,Meja Operasi,AFA,AT-900,12188954,2022,1,OK,TIDAK DI KALIBRASI
348,Meja Operasi,Saturn,,,2011,1,OK,TIDAK DI KALIBRASI
349,Meja Operasi,Famed Zywelc,,,,1,OK,TIDAK DI KALIBRASI
350,Meja Operasi,MA,52501,,,1,OK,TIDAK DI KALIBRASI
351,Mesin Cuci Tangan Steril,,,,2008,1,OK,TIDAK DI KALIBRASI
352,Monitor,Innocore T12,,,2022,1,OK,Baik
353,Monitor,Innocore T12,,,2022,1,OK,Baik
354,Operation Microscope,Shin-nippon,OP-2,Oct-15,,1,OK,Baik
355,Standart Infus,,,,,4,OK,TIDAK DI KALIBRASI
356,Standart Infus,,,,,2,OK,TIDAK DI KALIBRASI
357,Strecher,,,,2008,1,OK,TIDAK DI KALIBRASI
358,Suction,AFA,AC-500,90/235,,2,OK,Baik
359,Suction,,,,,1,OK,Baik
360,Suction,,,,,1,OK,Baik
361,Tensi Bediri,Regal,,,,1,OK,Baik
362,Tensi Berdiri,Gudescope,,,2010,1,OK,Baik
363,Tourniquet pressure,,,,,1,OK,TIDAK DI KALIBRASI
364,X-Ray Viewer,Tesena,TSN 014D,463/1/11 T 014 D,,2,OK,Baik
365,X-RAY Viewer,KA Rixa,,,,2,OK,Dipindahkan Ke IPSRS
366,Stetoscope,,,,,1,Poli Anak,TIDAK DI KALIBRASI
367,Timbangan Bayi,,,,,1,Poli Anak,TIDAK DI KALIBRASI
368,Timbangan Anak,,,,,2,POLI ANAK,BAIK
369,Tensi Dewasa,,,,,1,POLI ANAK,BAIK
370,Oxy Metry,,,,,,POLI ANAK,BAIK
371,Tensi Anak,,,,,1,POLI ANAK ,BAIK
372,Examination Lamp,Famed,Diagnostoc Lamp Solis 30F,20220344,2023,1,Poli Bedah,BAIK
373,Suction,SANI,,,,1,Poli Bedah,
374,Tensi Meter Digital,Omron,Omron Health  Care,07006320LF,,1,Poli Bedah,
375,Dental Unit,Clesta,Belmont,AV12J0479,,1,Poli gigi,BAIK
376,Sterilisator,Corona,ZTP80A,,2025,1,Poli gigi,BAIK
377,Tensi Meter,Omron,Omron health Care,07006401LH,,1,Poli gigi,RUSAK
378,EKG,Innomed,HS 112C-1,20239321,,1,Poli Jantung,BAIK
379,Saturasi,OneMed,IPX2,,,1,Poli Jantung,BAIK
380,Tensi Meter Digital,Omron,Omron Health Care,07006320LF,,1,Poli Jantung,BAIK
381,Bed Elektrik,Famed,,,,1,Poli Kebidanan,TIDAK DI KALIBRASI
382,Bedgin,,,,,1,Poli Kebidanan,TIDAK DI KALIBRASI
383,CTG,Edan,Edan/F9 Express,314026-M12802560007,,1,Poli Kebidanan,Baik
384,Tensi Meter,Omron,Omron health Care,070064061LH,,1,Poli Kebidanan,Baik
385,USG,Mindray,Mindray,QE2400064,,1,Poli Kebidanan,Baik
386,Autorefkeratometer,Shin-nippon,Accuref.k 9001,33HA6419,,1,Poli Mata,BAIK
387,Chart Projector,Shin-nippon,CP-30,,,,Poli Mata,BAIK
388,Slit Lamp,Shin-nippon,SL-102,,,1,Poli Mata,BAIK
389,Tonometer,Shin-nippon,NCT.10,22460917,,1,Poli Mata,BAIK
390,Film Viewer,Tesena,,,,2,Poli Penyakit Dalam,BAIK
391,Printer USG,Sony,UPP 110,,,1,Poli Penyakit Dalam,BAIK
392,USG,Patsamed,560476,PMXL 823811720001,,1,Poli Penyakit Dalam,BAIK
393,Alat CT-Scan,Siemens Somatom Perspective,M-CT-172,644501871,2019,1,Radiologi,RUSAK
394,Autometic Processing,Carestream Medical Xray,Prossesor 2000,11961-17107-0848,2018,1,Radiologi,Rusak
395,Mobile Xray,Siemens Polymobil Plus,,,,1,Radiologi,Baik
396,Panoramic,Carestream CS 8100SC (Toshiba),CS 8100SC,31487,2019,1,Radiologi,Baik
397,Portable Xray,,,,,1,Radiologi,Baik
398,Printer Puji ,,,,,1,Radiologi,Baik 
399,Printer Puji ,,,,,1,Radiologi,Rusak
400,USG,GE,Logiq E,120516 WXO,2009,1,Radiologi,Baik
401,USG,PATSAMED,PM-XL8,PMXL823811720002,-,1,Radiologi,Baik
402,X-ray Konvensional,WON,WSR 40 Plus,WIV 23 CO 3001,2023,1,Radiologi,Baik
403,Meadent-Pakistan,,,,2022,1,THT,BAIK
404,Medical Head Lamp,Bistos,BT-410,SN ECN40608,,1,THT,BAIK
405,Tensi Meter Digital,Omron,HBT-9030,07006313LF,2023,1,THT,BAIK
406,THT,Stardy,,802,,1,THT,BAIK
407,BLOOD BAG TUBE SEALER,DOCON SEALM,-,-,2023,1,UTD,BAIK
408,BLOOD BANK,KIRSCH,BL-300,280 09 20031,-,1,UTD,BAIK
409,BLOOD BANK,SANYO,MBR-107 D(H),60814446,-,1,UTD,BAIK
410,CENTRIFUGE,HETTICH,EBA20,0127406-7,-,1,UTD,BAIK
411,ELEKTRIK BALANCE,COMPOGUARD,-,-,-,1,UTD,TIDAK BISA DIGUNAKAN
412,INKUBATOR,MEMMERT,UNB400,C413.0630,-,1,UTD,TIDAK BISA DIGUNAKAN
413,KULKAS REAGEN DAN FREEZER,DOMESTIK,MD360CS,2470074,    -,1,UTD,BAIK
414,KURSI DONOR DARAH,,,,2016,2,UTD,BAIK
415,MICROSCOPE,REX VISION,Y100,220,-,1,UTD,BAIK
416,MIKROPIPET,THERMO,-,-,-,4,UTD,BAIK
417,PLASMA EXTRACTOR,FRESENIUS KABI,-,-,-,1,UTD,BAIK
418,PLASMA EXTRACTOR ,BAXTER,T,-,-,1,UTD,BAIK
419,PLATELET AGITATOR,FRESENIUS GABI,-,-,-,1,UTD,BAIK
420,TEMPERATURE SUHU,ONE HEALTH MEDICAL,CLOCK/HUMIDITY HTC-2,,2023,2,UTD,BAIK
421,TENSI DIGITAL,OMRON,-,-,2023,2,UTD,BAIK
422,TENSI JARUM,ONEMED,-,-,-,4,UTD,BAIK
423,TIMBANGAN BADAN DIGITAL,KRIS,-,-,2018,2,UTD,BAIK
424,TIMBANGAN BADAN DIGITAL,KRIS,,,2018,2,UTD,BAIK
425,TIMBANGAN BADAN MANUAL,LAICA,-,-,2016,1,UTD,BAIK
426,WATERBATH,NUVE,NB20,"22,286",-,1,UTD,BAIK
427,Bed Manual,Paramount,PA59815-0608L,,,9,VK,TIDAK DI KALIBRASI
428,Bedgyn Digital,MAK,Digital Gynecologi Bed,,2018,1,VK,TIDAK DI KALIBRASI
429,Bedgyn Digital,Nuritek Indonesia,"Linak HBW 0 73-006, Hospital Bed Multipose",23150103703001,2023,1,VK,TIDAK DI KALIBRASI
430,Bedgyn manual,,,,,2,VK,TIDAK DI KALIBRASI
431,CTG,,,,,1,VK,BAIK
432,Curatage set,,,,,2,VK,TIDAK DI KALIBRASI
433,Digital Paramount,Paramount Bed,,,,2,VK,TIDAK DI KALIBRASI
434,Dopler,MED Gyn,3.0 Mhz Waterproof IPX8,H17A004702587,,1,VK,Kabel dople banyak rusak
435,Dopler,Terravizion by IMN,,ASo 0001230004,,,VK,Di IPSRS
436,Dopler,INCREAMED,,IN.2412205002,,1,VK,Baik
437,EKG,INNOMED Heartscreen,HS112C-1,22239247,2023,1,VK,BAIK
438,Forcep,,,,,1,VK,TIDAK DI KALIBRASI
439,GV Set,,,,,1,VK,TIDAK DI KALIBRASI
440,Infus Pump,B Braun Infusmat Scape,8713070,,2013,1,VK,Error 
441,Infuse pump,Precisionmed,,11.32.00.07.03.2023.05.19,,1,VK,Baik
442,Intubasi set,Greatcare,Silicone manual rersuscitator,,2023,2,VK,TIDAK DI KALIBRASI
443,Intubasi Set,Blue Cross Silicone Resustators,,,2018,2,VK,TIDAK DI KALIBRASI
444,Lampu Rontgen,KA Rixa,,,,1,VK,Lampu Mati
445,Lampu Sorot,Famed,BH-132,20050385,,1,VK,TIDAK DI KALIBRASI
446,Lampu sorot,Dyna Lighting DNA 100 LED,,,,1,VK,TIDAK DI KALIBRASI
447,Monitor Lengkap,Medical Equitment and laboratory supplier,Dexion Patient Monitor Storm 5900,50922055192,2023,1,VK,Tidak lengkap kabel TD
448,Partus Set,,,,,3,VK,Baik
449,Saturasi Digital,Bionet,OXY 9 wave pulse oxymeter ,ii.32.00.07.03.2025.05.19,2023,1,VK,Baik
450,Sterilitator Kering,Fortune Light Wave Medical Sterilizer,,ZTP78E,2016,1,VK,Tidak dapat digunakan
451,Stetoskop,Smartcare original,,,,1,VK,Rusak
452,Stetoskop,Merk tidak terbaca,,,,1,VK,Rusak
453,Suction Unit,saNi Electric Suction Units,703A,,2023,2,VK,baik
454,Syringe pump,precisionmed,,11.32.00.07.03.2023.05.19,,1,VK,Baik
455,Tensi meter,ABN Regal Clock Aneroid,,,2020,2,VK,Baik
456,Termometer Digital,Onehealth,,,,1,VK,Baik
457,Terumol Besar,,,,,2,VK,TIDAK DI KALIBRASI
458,Terumol Kecil,,,,,1,VK,TIDAK DI KALIBRASI
459,Tiang infus,MAK,,,2018,10,VK,TIDAK DI KALIBRASI
460,Timbangan Bayi digital,,,,,1,VK,TIDAK DI KALIBRASI
461,Troli com,MAK,36302,,,1,VK,TIDAK DI KALIBRASI
462,Troli Dorong,KA Rixa,KA016-00BSS,,,1,VK,TIDAK DI KALIBRASI
463,Troly Dorong Pakai Laci,MAK,35102,2530807,2008,1,VK,TIDAK DI KALIBRASI
464,Troly Emergency,MAK,36603,130900005,2013,1,VK,TIDAK DI KALIBRASI
461,Vacum Plastik,,,,,1,VK,TIDAK DI KALIBRASI